"","Begin_Date","Begin_Hour","Maneuver","Transit"
"1",2024-11-27,0,0,0
"2",2024-11-27,1,0,0
"3",2024-11-27,2,0,0
"4",2024-11-27,3,0,0
"5",2024-11-27,4,0,0
"6",2024-11-27,5,0,0
"7",2024-11-27,6,0,0
"8",2024-11-27,7,0,0
"9",2024-11-27,8,0,0
"10",2024-11-27,9,0,0
"11",2024-11-27,10,0,0
"12",2024-11-27,11,0,0
"13",2024-11-27,12,0,0
"14",2024-11-27,13,0,0
"15",2024-11-27,14,0,0
"16",2024-11-27,15,0,0
"17",2024-11-27,16,0,0
"18",2024-11-27,17,0,0
"19",2024-11-27,18,0,0
"20",2024-11-27,19,0,0
"21",2024-11-27,20,0,0
"22",2024-11-27,21,0,0
"23",2024-11-27,22,0,0
"24",2024-11-27,23,0,0
"25",2024-11-28,0,0,0
"26",2024-11-28,1,0,0
"27",2024-11-28,2,0,0
"28",2024-11-28,3,0,0
"29",2024-11-28,4,0,0
"30",2024-11-28,5,0,0
"31",2024-11-28,6,0,0
"32",2024-11-28,7,0,0
"33",2024-11-28,8,0,0
"34",2024-11-28,9,0,0
"35",2024-11-28,10,0,0
"36",2024-11-28,11,0,0
"37",2024-11-28,12,0,0
"38",2024-11-28,13,0,0
"39",2024-11-28,14,0,0
"40",2024-11-28,15,0,0
"41",2024-11-28,16,0,0
"42",2024-11-28,17,0,0
"43",2024-11-28,18,0,0
"44",2024-11-28,19,0,0
"45",2024-11-28,20,0,0
"46",2024-11-28,21,0,0
"47",2024-11-28,22,0,0
"48",2024-11-28,23,0,0
"49",2024-11-29,0,0,0
"50",2024-11-29,1,0,0
"51",2024-11-29,2,0,0
"52",2024-11-29,3,0,0
"53",2024-11-29,4,0,0
"54",2024-11-29,5,0,0
"55",2024-11-29,6,0,0
"56",2024-11-29,7,0,0
"57",2024-11-29,8,0,0
"58",2024-11-29,9,0,0
"59",2024-11-29,10,0,0
"60",2024-11-29,11,0,0
"61",2024-11-29,12,0,0
"62",2024-11-29,13,0,0
"63",2024-11-29,14,0,0
"64",2024-11-29,15,0,0
"65",2024-11-29,16,0,0
"66",2024-11-29,17,0,0
"67",2024-11-29,18,0,0
"68",2024-11-29,19,0,0
"69",2024-11-29,20,0,0
"70",2024-11-29,21,0,0
"71",2024-11-29,22,0,0
"72",2024-11-29,23,0,0
"73",2024-11-30,0,0,0
"74",2024-11-30,1,0,0
"75",2024-11-30,2,0,0
"76",2024-11-30,3,0,0
"77",2024-11-30,4,0,0
"78",2024-11-30,5,0,0
"79",2024-11-30,6,0,0
"80",2024-11-30,7,0,0
"81",2024-11-30,8,0,0
"82",2024-11-30,9,0,0
"83",2024-11-30,10,0,0
"84",2024-11-30,11,0,0
"85",2024-11-30,12,0,0
"86",2024-11-30,13,0,0
"87",2024-11-30,14,0,0
"88",2024-11-30,15,0,0
"89",2024-11-30,16,0,0
"90",2024-11-30,17,0,0
"91",2024-11-30,18,0,0
"92",2024-11-30,19,0,0
"93",2024-11-30,20,0,0
"94",2024-11-30,21,0,0
"95",2024-11-30,22,0,0
"96",2024-11-30,23,0,0
"97",2024-12-01,0,0,0
"98",2024-12-01,1,0,0
"99",2024-12-01,2,0,0
"100",2024-12-01,3,0,0
"101",2024-12-01,4,0,0
"102",2024-12-01,5,0,0
"103",2024-12-01,6,0,0
"104",2024-12-01,7,0,0
"105",2024-12-01,8,0,0
"106",2024-12-01,9,0,0
"107",2024-12-01,10,0,0
"108",2024-12-01,11,0,0
"109",2024-12-01,12,0,0
"110",2024-12-01,13,0,0
"111",2024-12-01,14,0,0
"112",2024-12-01,15,0,0
"113",2024-12-01,16,0,0
"114",2024-12-01,17,0,0
"115",2024-12-01,18,0,0
"116",2024-12-01,19,0,0
"117",2024-12-01,20,0,0
"118",2024-12-01,21,0,0
"119",2024-12-01,22,0,0
"120",2024-12-01,23,0,0
"121",2024-12-02,0,0,0
"122",2024-12-02,1,0,0
"123",2024-12-02,2,0,0
"124",2024-12-02,3,0,0
"125",2024-12-02,4,0,0
"126",2024-12-02,5,0,0
"127",2024-12-02,6,0,0
"128",2024-12-02,7,0,0
"129",2024-12-02,8,0,0
"130",2024-12-02,9,0,0
"131",2024-12-02,10,0,0
"132",2024-12-02,11,0,0
"133",2024-12-02,12,0,0
"134",2024-12-02,13,0,0
"135",2024-12-02,14,0,0
"136",2024-12-02,15,0,0
"137",2024-12-02,16,0,0
"138",2024-12-02,17,0,0
"139",2024-12-02,18,0,0
"140",2024-12-02,19,0,0
"141",2024-12-02,20,0,0
"142",2024-12-02,21,0,0
"143",2024-12-02,22,0,0
"144",2024-12-02,23,0,0
"145",2024-12-03,0,0,0
"146",2024-12-03,1,0,0
"147",2024-12-03,2,0,0
"148",2024-12-03,3,0,0
"149",2024-12-03,4,0,0
"150",2024-12-03,5,0,0
"151",2024-12-03,6,0,0
"152",2024-12-03,7,0,0
"153",2024-12-03,8,0,0
"154",2024-12-03,9,0,0
"155",2024-12-03,10,0,0
"156",2024-12-03,11,0,0
"157",2024-12-03,12,0,0
"158",2024-12-03,13,0,0
"159",2024-12-03,14,0,0
"160",2024-12-03,15,0,0
"161",2024-12-03,16,0,0
"162",2024-12-03,17,0,0
"163",2024-12-03,18,0,0
"164",2024-12-03,19,0,0
"165",2024-12-03,20,0,0
"166",2024-12-03,21,0,0
"167",2024-12-03,22,0,0
"168",2024-12-03,23,0,0
"169",2024-12-04,0,0,0
"170",2024-12-04,1,0,0
"171",2024-12-04,2,0,0
"172",2024-12-04,3,0,0
"173",2024-12-04,4,0,0
"174",2024-12-04,5,0,0
"175",2024-12-04,6,0,0
"176",2024-12-04,7,0,0
"177",2024-12-04,8,0,0
"178",2024-12-04,9,0,0
"179",2024-12-04,10,0,0
"180",2024-12-04,11,0,0
"181",2024-12-04,12,0,0
"182",2024-12-04,13,0,0
"183",2024-12-04,14,0,0
"184",2024-12-04,15,0,0
"185",2024-12-04,16,0,0
"186",2024-12-04,17,0,0
"187",2024-12-04,18,0,0
"188",2024-12-04,19,0,0
"189",2024-12-04,20,0,0
"190",2024-12-04,21,0,0
"191",2024-12-04,22,0,0
"192",2024-12-04,23,0,0
"193",2024-12-05,0,0,0
"194",2024-12-05,1,0,0
"195",2024-12-05,2,0,0
"196",2024-12-05,3,0,0
"197",2024-12-05,4,0,0
"198",2024-12-05,5,0,0
"199",2024-12-05,6,0,0
"200",2024-12-05,7,0,0
"201",2024-12-05,8,0,0
"202",2024-12-05,9,0,0
"203",2024-12-05,10,0,0
"204",2024-12-05,11,0,0
"205",2024-12-05,12,0,0
"206",2024-12-05,13,0,0
"207",2024-12-05,14,0,0
"208",2024-12-05,15,0,0
"209",2024-12-05,16,0,0
"210",2024-12-05,17,0,0
"211",2024-12-05,18,0,0
"212",2024-12-05,19,0,0
"213",2024-12-05,20,0,0
"214",2024-12-05,21,0,0
"215",2024-12-05,22,0,0
"216",2024-12-05,23,0,0
"217",2024-12-06,0,0,0
"218",2024-12-06,1,0,0
"219",2024-12-06,2,0,0
"220",2024-12-06,3,0,0
"221",2024-12-06,4,0,0
"222",2024-12-06,5,0,0
"223",2024-12-06,6,0,0
"224",2024-12-06,7,0,0
"225",2024-12-06,8,0,0
"226",2024-12-06,9,0,0
"227",2024-12-06,10,0,0
"228",2024-12-06,11,0,0
"229",2024-12-06,12,0,0
"230",2024-12-06,13,0,0
"231",2024-12-06,14,0,1
"232",2024-12-06,15,0,0
"233",2024-12-06,16,0,0
"234",2024-12-06,17,0,0
"235",2024-12-06,18,0,0
"236",2024-12-06,19,0,0
"237",2024-12-06,20,0,0
"238",2024-12-06,21,0,0
"239",2024-12-06,22,0,0
"240",2024-12-06,23,0,0
"241",2024-12-07,0,0,0
"242",2024-12-07,1,0,0
"243",2024-12-07,2,0,0
"244",2024-12-07,3,0,0
"245",2024-12-07,4,0,0
"246",2024-12-07,5,0,0
"247",2024-12-07,6,0,0
"248",2024-12-07,7,0,0
"249",2024-12-07,8,0,0
"250",2024-12-07,9,0,0
"251",2024-12-07,10,0,0
"252",2024-12-07,11,0,0
"253",2024-12-07,12,0,0
"254",2024-12-07,13,0,0
"255",2024-12-07,14,0,0
"256",2024-12-07,15,0,0
"257",2024-12-07,16,0,0
"258",2024-12-07,17,0,0
"259",2024-12-07,18,0,0
"260",2024-12-07,19,0,0
"261",2024-12-07,20,0,0
"262",2024-12-07,21,0,0
"263",2024-12-07,22,0,0
"264",2024-12-07,23,0,0
"265",2024-12-08,0,0,0
"266",2024-12-08,1,0,0
"267",2024-12-08,2,0,0
"268",2024-12-08,3,0,0
"269",2024-12-08,4,0,0
"270",2024-12-08,5,0,0
"271",2024-12-08,6,0,0
"272",2024-12-08,7,0,0
"273",2024-12-08,8,0,0
"274",2024-12-08,9,0,0
"275",2024-12-08,10,0,0
"276",2024-12-08,11,0,0
"277",2024-12-08,12,0,0
"278",2024-12-08,13,0,0
"279",2024-12-08,14,0,0
"280",2024-12-08,15,0,0
"281",2024-12-08,16,0,0
"282",2024-12-08,17,0,0
"283",2024-12-08,18,0,0
"284",2024-12-08,19,0,0
"285",2024-12-08,20,0,0
"286",2024-12-08,21,0,0
"287",2024-12-08,22,0,0
"288",2024-12-08,23,0,0
"289",2024-12-09,0,0,0
"290",2024-12-09,1,0,0
"291",2024-12-09,2,0,0
"292",2024-12-09,3,0,0
"293",2024-12-09,4,0,0
"294",2024-12-09,5,0,0
"295",2024-12-09,6,0,0
"296",2024-12-09,7,0,0
"297",2024-12-09,8,0,0
"298",2024-12-09,9,0,0
"299",2024-12-09,10,0,0
"300",2024-12-09,11,0,0
"301",2024-12-09,12,0,0
"302",2024-12-09,13,0,0
"303",2024-12-09,14,0,0
"304",2024-12-09,15,0,0
"305",2024-12-09,16,0,0
"306",2024-12-09,17,0,0
"307",2024-12-09,18,0,0
"308",2024-12-09,19,0,0
"309",2024-12-09,20,0,0
"310",2024-12-09,21,0,0
"311",2024-12-09,22,0,0
"312",2024-12-09,23,0,0
"313",2024-12-10,0,0,0
"314",2024-12-10,1,0,0
"315",2024-12-10,2,0,0
"316",2024-12-10,3,0,0
"317",2024-12-10,4,0,0
"318",2024-12-10,5,0,0
"319",2024-12-10,6,0,0
"320",2024-12-10,7,0,0
"321",2024-12-10,8,0,0
"322",2024-12-10,9,0,0
"323",2024-12-10,10,0,0
"324",2024-12-10,11,0,0
"325",2024-12-10,12,0,0
"326",2024-12-10,13,0,0
"327",2024-12-10,14,0,0
"328",2024-12-10,15,0,0
"329",2024-12-10,16,0,0
"330",2024-12-10,17,0,0
"331",2024-12-10,18,0,0
"332",2024-12-10,19,0,0
"333",2024-12-10,20,0,0
"334",2024-12-10,21,0,0
"335",2024-12-10,22,0,0
"336",2024-12-10,23,0,0
"337",2024-12-11,0,0,0
"338",2024-12-11,1,0,0
"339",2024-12-11,2,0,0
"340",2024-12-11,3,0,0
"341",2024-12-11,4,0,0
"342",2024-12-11,5,0,0
"343",2024-12-11,6,0,0
"344",2024-12-11,7,0,0
"345",2024-12-11,8,0,0
"346",2024-12-11,9,0,0
"347",2024-12-11,10,0,0
"348",2024-12-11,11,0,0
"349",2024-12-11,12,0,0
"350",2024-12-11,13,0,0
"351",2024-12-11,14,0,0
"352",2024-12-11,15,0,0
"353",2024-12-11,16,0,0
"354",2024-12-11,17,0,0
"355",2024-12-11,18,0,0
"356",2024-12-11,19,0,0
"357",2024-12-11,20,0,0
"358",2024-12-11,21,0,0
"359",2024-12-11,22,0,0
"360",2024-12-11,23,0,0
"361",2024-12-12,0,0,0
"362",2024-12-12,1,0,0
"363",2024-12-12,2,0,0
"364",2024-12-12,3,0,0
"365",2024-12-12,4,0,0
"366",2024-12-12,5,0,0
"367",2024-12-12,6,0,0
"368",2024-12-12,7,0,0
"369",2024-12-12,8,0,0
"370",2024-12-12,9,0,0
"371",2024-12-12,10,0,0
"372",2024-12-12,11,0,0
"373",2024-12-12,12,0,0
"374",2024-12-12,13,0,0
"375",2024-12-12,14,0,0
"376",2024-12-12,15,0,0
"377",2024-12-12,16,0,1
"378",2024-12-12,17,0,0
"379",2024-12-12,18,0,0
"380",2024-12-12,19,0,0
"381",2024-12-12,20,0,0
"382",2024-12-12,21,0,0
"383",2024-12-12,22,0,0
"384",2024-12-12,23,0,0
"385",2024-12-13,0,0,0
"386",2024-12-13,1,1,0
"387",2024-12-13,2,0,0
"388",2024-12-13,3,0,0
"389",2024-12-13,4,0,0
"390",2024-12-13,5,0,0
"391",2024-12-13,6,0,0
"392",2024-12-13,7,0,0
"393",2024-12-13,8,0,1
"394",2024-12-13,9,0,0
"395",2024-12-13,10,0,0
"396",2024-12-13,11,2,0
"397",2024-12-13,12,0,0
"398",2024-12-13,13,0,0
"399",2024-12-13,14,0,0
"400",2024-12-13,15,0,0
"401",2024-12-13,16,0,0
"402",2024-12-13,17,0,0
"403",2024-12-13,18,0,0
"404",2024-12-13,19,0,0
"405",2024-12-13,20,0,0
"406",2024-12-13,21,0,0
"407",2024-12-13,22,0,0
"408",2024-12-13,23,0,0
"409",2024-12-14,0,0,0
"410",2024-12-14,1,0,1
"411",2024-12-14,2,0,1
"412",2024-12-14,3,0,0
"413",2024-12-14,4,0,0
"414",2024-12-14,5,0,0
"415",2024-12-14,6,0,0
"416",2024-12-14,7,0,0
"417",2024-12-14,8,0,0
"418",2024-12-14,9,0,0
"419",2024-12-14,10,0,0
"420",2024-12-14,11,0,0
"421",2024-12-14,12,0,0
"422",2024-12-14,13,0,0
"423",2024-12-14,14,0,0
"424",2024-12-14,15,0,0
"425",2024-12-14,16,0,0
"426",2024-12-14,17,0,0
"427",2024-12-14,18,0,0
"428",2024-12-14,19,0,0
"429",2024-12-14,20,0,0
"430",2024-12-14,21,0,0
"431",2024-12-14,22,0,0
"432",2024-12-14,23,0,0
"433",2024-12-15,0,0,0
"434",2024-12-15,1,0,0
"435",2024-12-15,2,0,0
"436",2024-12-15,3,0,0
"437",2024-12-15,4,0,0
"438",2024-12-15,5,0,0
"439",2024-12-15,6,0,0
"440",2024-12-15,7,0,0
"441",2024-12-15,8,0,0
"442",2024-12-15,9,0,0
"443",2024-12-15,10,0,0
"444",2024-12-15,11,0,0
"445",2024-12-15,12,0,0
"446",2024-12-15,13,0,0
"447",2024-12-15,14,0,0
"448",2024-12-15,15,0,0
"449",2024-12-15,16,0,0
"450",2024-12-15,17,0,0
"451",2024-12-15,18,0,0
"452",2024-12-15,19,0,0
"453",2024-12-15,20,0,0
"454",2024-12-15,21,0,0
"455",2024-12-15,22,0,0
"456",2024-12-15,23,0,0
"457",2024-12-16,0,0,0
"458",2024-12-16,1,0,0
"459",2024-12-16,2,0,0
"460",2024-12-16,3,0,0
"461",2024-12-16,4,0,0
"462",2024-12-16,5,0,0
"463",2024-12-16,6,0,0
"464",2024-12-16,7,0,0
"465",2024-12-16,8,0,0
"466",2024-12-16,9,0,0
"467",2024-12-16,10,0,0
"468",2024-12-16,11,0,0
"469",2024-12-16,12,0,0
"470",2024-12-16,13,0,0
"471",2024-12-16,14,0,0
"472",2024-12-16,15,0,0
"473",2024-12-16,16,0,0
"474",2024-12-16,17,0,0
"475",2024-12-16,18,0,0
"476",2024-12-16,19,0,1
"477",2024-12-16,20,0,0
"478",2024-12-16,21,0,0
"479",2024-12-16,22,0,0
"480",2024-12-16,23,0,0
"481",2024-12-17,0,0,0
"482",2024-12-17,1,0,0
"483",2024-12-17,2,0,0
"484",2024-12-17,3,0,0
"485",2024-12-17,4,0,0
"486",2024-12-17,5,0,0
"487",2024-12-17,6,0,0
"488",2024-12-17,7,0,0
"489",2024-12-17,8,0,0
"490",2024-12-17,9,0,0
"491",2024-12-17,10,0,0
"492",2024-12-17,11,0,0
"493",2024-12-17,12,0,0
"494",2024-12-17,13,0,0
"495",2024-12-17,14,0,0
"496",2024-12-17,15,0,0
"497",2024-12-17,16,0,0
"498",2024-12-17,17,0,0
"499",2024-12-17,18,0,0
"500",2024-12-17,19,0,0
"501",2024-12-17,20,0,0
"502",2024-12-17,21,0,0
"503",2024-12-17,22,0,0
"504",2024-12-17,23,0,0
"505",2024-12-18,0,0,0
"506",2024-12-18,1,0,0
"507",2024-12-18,2,0,0
"508",2024-12-18,3,0,0
"509",2024-12-18,4,0,0
"510",2024-12-18,5,0,0
"511",2024-12-18,6,0,0
"512",2024-12-18,7,0,0
"513",2024-12-18,8,0,0
"514",2024-12-18,9,0,0
"515",2024-12-18,10,0,0
"516",2024-12-18,11,0,0
"517",2024-12-18,12,0,0
"518",2024-12-18,13,0,0
"519",2024-12-18,14,0,0
"520",2024-12-18,15,0,0
"521",2024-12-18,16,0,0
"522",2024-12-18,17,0,0
"523",2024-12-18,18,0,0
"524",2024-12-18,19,0,0
"525",2024-12-18,20,0,0
"526",2024-12-18,21,0,0
"527",2024-12-18,22,0,0
"528",2024-12-18,23,0,0
"529",2024-12-19,0,0,0
"530",2024-12-19,1,0,0
"531",2024-12-19,2,0,0
"532",2024-12-19,3,0,0
"533",2024-12-19,4,0,0
"534",2024-12-19,5,0,0
"535",2024-12-19,6,0,0
"536",2024-12-19,7,0,0
"537",2024-12-19,8,0,0
"538",2024-12-19,9,0,0
"539",2024-12-19,10,0,0
"540",2024-12-19,11,0,0
"541",2024-12-19,12,0,0
"542",2024-12-19,13,0,0
"543",2024-12-19,14,0,0
"544",2024-12-19,15,0,0
"545",2024-12-19,16,0,0
"546",2024-12-19,17,0,0
"547",2024-12-19,18,0,0
"548",2024-12-19,19,0,0
"549",2024-12-19,20,0,0
"550",2024-12-19,21,0,0
"551",2024-12-19,22,0,0
"552",2024-12-19,23,0,0
"553",2024-12-20,0,0,0
"554",2024-12-20,1,0,0
"555",2024-12-20,2,0,0
"556",2024-12-20,3,0,0
"557",2024-12-20,4,0,0
"558",2024-12-20,5,0,0
"559",2024-12-20,6,0,0
"560",2024-12-20,7,0,0
"561",2024-12-20,8,0,0
"562",2024-12-20,9,0,0
"563",2024-12-20,10,0,0
"564",2024-12-20,11,0,0
"565",2024-12-20,12,0,0
"566",2024-12-20,13,0,0
"567",2024-12-20,14,0,0
"568",2024-12-20,15,0,0
"569",2024-12-20,16,0,0
"570",2024-12-20,17,0,0
"571",2024-12-20,18,0,0
"572",2024-12-20,19,0,0
"573",2024-12-20,20,0,0
"574",2024-12-20,21,0,0
"575",2024-12-20,22,0,0
"576",2024-12-20,23,0,0
"577",2024-12-21,0,0,0
"578",2024-12-21,1,0,0
"579",2024-12-21,2,0,0
"580",2024-12-21,3,0,0
"581",2024-12-21,4,0,0
"582",2024-12-21,5,0,0
"583",2024-12-21,6,0,0
"584",2024-12-21,7,0,0
"585",2024-12-21,8,0,0
"586",2024-12-21,9,0,0
"587",2024-12-21,10,0,0
"588",2024-12-21,11,0,0
"589",2024-12-21,12,0,0
"590",2024-12-21,13,0,0
"591",2024-12-21,14,0,0
"592",2024-12-21,15,0,0
"593",2024-12-21,16,0,0
"594",2024-12-21,17,0,0
"595",2024-12-21,18,0,0
"596",2024-12-21,19,0,0
"597",2024-12-21,20,0,0
"598",2024-12-21,21,0,0
"599",2024-12-21,22,0,0
"600",2024-12-21,23,0,0
"601",2024-12-22,0,0,0
"602",2024-12-22,1,0,0
"603",2024-12-22,2,0,0
"604",2024-12-22,3,0,0
"605",2024-12-22,4,0,0
"606",2024-12-22,5,0,0
"607",2024-12-22,6,0,0
"608",2024-12-22,7,0,0
"609",2024-12-22,8,0,0
"610",2024-12-22,9,0,0
"611",2024-12-22,10,0,0
"612",2024-12-22,11,0,0
"613",2024-12-22,12,0,0
"614",2024-12-22,13,0,0
"615",2024-12-22,14,0,0
"616",2024-12-22,15,0,0
"617",2024-12-22,16,0,0
"618",2024-12-22,17,0,0
"619",2024-12-22,18,0,0
"620",2024-12-22,19,0,0
"621",2024-12-22,20,0,0
"622",2024-12-22,21,0,0
"623",2024-12-22,22,0,0
"624",2024-12-22,23,0,0
"625",2024-12-23,0,0,0
"626",2024-12-23,1,0,0
"627",2024-12-23,2,0,0
"628",2024-12-23,3,0,0
"629",2024-12-23,4,0,0
"630",2024-12-23,5,0,0
"631",2024-12-23,6,0,0
"632",2024-12-23,7,0,0
"633",2024-12-23,8,0,0
"634",2024-12-23,9,0,0
"635",2024-12-23,10,0,0
"636",2024-12-23,11,0,0
"637",2024-12-23,12,0,0
"638",2024-12-23,13,0,0
"639",2024-12-23,14,0,0
"640",2024-12-23,15,0,0
"641",2024-12-23,16,0,0
"642",2024-12-23,17,0,0
"643",2024-12-23,18,0,0
"644",2024-12-23,19,0,0
"645",2024-12-23,20,0,0
"646",2024-12-23,21,0,0
"647",2024-12-23,22,0,0
"648",2024-12-23,23,0,0
"649",2024-12-24,0,0,0
"650",2024-12-24,1,0,0
"651",2024-12-24,2,0,0
"652",2024-12-24,3,0,0
"653",2024-12-24,4,0,0
"654",2024-12-24,5,0,0
"655",2024-12-24,6,0,0
"656",2024-12-24,7,0,0
"657",2024-12-24,8,0,0
"658",2024-12-24,9,0,0
"659",2024-12-24,10,0,0
"660",2024-12-24,11,0,0
"661",2024-12-24,12,0,0
"662",2024-12-24,13,0,0
"663",2024-12-24,14,0,0
"664",2024-12-24,15,0,0
"665",2024-12-24,16,0,0
"666",2024-12-24,17,0,0
"667",2024-12-24,18,0,0
"668",2024-12-24,19,0,0
"669",2024-12-24,20,0,0
"670",2024-12-24,21,0,0
"671",2024-12-24,22,0,0
"672",2024-12-24,23,0,0
"673",2024-12-25,0,0,0
"674",2024-12-25,1,0,0
"675",2024-12-25,2,0,0
"676",2024-12-25,3,0,0
"677",2024-12-25,4,0,0
"678",2024-12-25,5,0,0
"679",2024-12-25,6,0,0
"680",2024-12-25,7,0,0
"681",2024-12-25,8,0,0
"682",2024-12-25,9,0,0
"683",2024-12-25,10,0,0
"684",2024-12-25,11,0,0
"685",2024-12-25,12,0,0
"686",2024-12-25,13,0,0
"687",2024-12-25,14,0,0
"688",2024-12-25,15,0,0
"689",2024-12-25,16,0,0
"690",2024-12-25,17,0,0
"691",2024-12-25,18,0,0
"692",2024-12-25,19,0,0
"693",2024-12-25,20,0,0
"694",2024-12-25,21,0,0
"695",2024-12-25,22,0,0
"696",2024-12-25,23,0,0
"697",2024-12-26,0,0,0
"698",2024-12-26,1,0,0
"699",2024-12-26,2,0,0
"700",2024-12-26,3,0,0
"701",2024-12-26,4,0,0
"702",2024-12-26,5,0,0
"703",2024-12-26,6,0,0
"704",2024-12-26,7,0,0
"705",2024-12-26,8,0,0
"706",2024-12-26,9,0,0
"707",2024-12-26,10,0,0
"708",2024-12-26,11,0,0
"709",2024-12-26,12,0,0
"710",2024-12-26,13,0,0
"711",2024-12-26,14,0,0
"712",2024-12-26,15,0,0
"713",2024-12-26,16,0,0
"714",2024-12-26,17,0,0
"715",2024-12-26,18,0,0
"716",2024-12-26,19,0,0
"717",2024-12-26,20,0,0
"718",2024-12-26,21,0,0
"719",2024-12-26,22,0,0
"720",2024-12-26,23,0,0
"721",2024-12-27,0,0,0
"722",2024-12-27,1,0,0
"723",2024-12-27,2,0,0
"724",2024-12-27,3,0,0
"725",2024-12-27,4,0,0
"726",2024-12-27,5,0,0
"727",2024-12-27,6,0,0
"728",2024-12-27,7,0,0
"729",2024-12-27,8,0,0
"730",2024-12-27,9,0,0
"731",2024-12-27,10,0,0
"732",2024-12-27,11,0,0
"733",2024-12-27,12,0,0
"734",2024-12-27,13,0,0
"735",2024-12-27,14,0,0
"736",2024-12-27,15,0,0
"737",2024-12-27,16,0,0
"738",2024-12-27,17,0,0
"739",2024-12-27,18,0,0
"740",2024-12-27,19,0,0
"741",2024-12-27,20,0,0
"742",2024-12-27,21,0,0
"743",2024-12-27,22,0,0
"744",2024-12-27,23,0,0
"745",2024-12-28,0,0,0
"746",2024-12-28,1,0,0
"747",2024-12-28,2,0,0
"748",2024-12-28,3,0,0
"749",2024-12-28,4,0,0
"750",2024-12-28,5,0,0
"751",2024-12-28,6,0,0
"752",2024-12-28,7,0,0
"753",2024-12-28,8,0,0
"754",2024-12-28,9,0,0
"755",2024-12-28,10,0,0
"756",2024-12-28,11,0,0
"757",2024-12-28,12,0,0
"758",2024-12-28,13,0,0
"759",2024-12-28,14,0,0
"760",2024-12-28,15,0,0
"761",2024-12-28,16,0,0
"762",2024-12-28,17,0,0
"763",2024-12-28,18,0,0
"764",2024-12-28,19,0,0
"765",2024-12-28,20,0,0
"766",2024-12-28,21,0,0
"767",2024-12-28,22,0,0
"768",2024-12-28,23,0,0
"769",2024-12-29,0,1,0
"770",2024-12-29,1,0,0
"771",2024-12-29,2,1,0
"772",2024-12-29,3,0,0
"773",2024-12-29,4,0,0
"774",2024-12-29,5,0,0
"775",2024-12-29,6,0,0
"776",2024-12-29,7,0,0
"777",2024-12-29,8,0,0
"778",2024-12-29,9,0,0
"779",2024-12-29,10,0,0
"780",2024-12-29,11,0,0
"781",2024-12-29,12,0,0
"782",2024-12-29,13,0,0
"783",2024-12-29,14,0,0
"784",2024-12-29,15,0,0
"785",2024-12-29,16,0,0
"786",2024-12-29,17,0,0
"787",2024-12-29,18,0,0
"788",2024-12-29,19,0,0
"789",2024-12-29,20,0,0
"790",2024-12-29,21,0,0
"791",2024-12-29,22,0,0
"792",2024-12-29,23,0,0
"793",2024-12-30,0,0,0
"794",2024-12-30,1,0,0
"795",2024-12-30,2,0,0
"796",2024-12-30,3,0,0
"797",2024-12-30,4,0,0
"798",2024-12-30,5,0,0
"799",2024-12-30,6,0,0
"800",2024-12-30,7,0,0
"801",2024-12-30,8,0,0
"802",2024-12-30,9,0,0
"803",2024-12-30,10,0,0
"804",2024-12-30,11,0,0
"805",2024-12-30,12,0,0
"806",2024-12-30,13,0,0
"807",2024-12-30,14,0,0
"808",2024-12-30,15,0,0
"809",2024-12-30,16,0,0
"810",2024-12-30,17,0,0
"811",2024-12-30,18,0,0
"812",2024-12-30,19,0,0
"813",2024-12-30,20,0,0
"814",2024-12-30,21,0,0
"815",2024-12-30,22,0,0
"816",2024-12-30,23,0,0
"817",2024-12-31,0,0,0
"818",2024-12-31,1,0,0
"819",2024-12-31,2,0,0
"820",2024-12-31,3,0,0
"821",2024-12-31,4,0,0
"822",2024-12-31,5,0,0
"823",2024-12-31,6,0,1
"824",2024-12-31,7,0,0
"825",2024-12-31,8,0,0
"826",2024-12-31,9,0,0
"827",2024-12-31,10,0,0
"828",2024-12-31,11,0,0
"829",2024-12-31,12,0,0
"830",2024-12-31,13,0,0
"831",2024-12-31,14,0,0
"832",2024-12-31,15,0,0
"833",2024-12-31,16,0,0
"834",2024-12-31,17,0,0
"835",2024-12-31,18,0,0
"836",2024-12-31,19,0,0
"837",2024-12-31,20,0,0
"838",2024-12-31,21,0,0
"839",2024-12-31,22,0,0
"840",2024-12-31,23,0,0
"841",2025-01-01,0,0,0
"842",2025-01-01,1,0,0
"843",2025-01-01,2,0,0
"844",2025-01-01,3,0,0
"845",2025-01-01,4,0,0
"846",2025-01-01,5,0,0
"847",2025-01-01,6,0,0
"848",2025-01-01,7,0,0
"849",2025-01-01,8,0,0
"850",2025-01-01,9,0,0
"851",2025-01-01,10,0,0
"852",2025-01-01,11,0,0
"853",2025-01-01,12,0,0
"854",2025-01-01,13,0,0
"855",2025-01-01,14,0,0
"856",2025-01-01,15,0,0
"857",2025-01-01,16,0,0
"858",2025-01-01,17,0,0
"859",2025-01-01,18,0,0
"860",2025-01-01,19,0,0
"861",2025-01-01,20,0,0
"862",2025-01-01,21,0,0
"863",2025-01-01,22,0,0
"864",2025-01-01,23,0,0
"865",2025-01-02,0,0,0
"866",2025-01-02,1,0,0
"867",2025-01-02,2,0,0
"868",2025-01-02,3,0,0
"869",2025-01-02,4,0,0
"870",2025-01-02,5,0,0
"871",2025-01-02,6,0,1
"872",2025-01-02,7,0,0
"873",2025-01-02,8,0,0
"874",2025-01-02,9,0,0
"875",2025-01-02,10,0,0
"876",2025-01-02,11,0,0
"877",2025-01-02,12,0,0
"878",2025-01-02,13,0,0
"879",2025-01-02,14,0,0
"880",2025-01-02,15,0,0
"881",2025-01-02,16,0,0
"882",2025-01-02,17,0,0
"883",2025-01-02,18,0,0
"884",2025-01-02,19,0,0
"885",2025-01-02,20,0,0
"886",2025-01-02,21,0,0
"887",2025-01-02,22,0,0
"888",2025-01-02,23,0,0
"889",2025-01-03,0,0,0
"890",2025-01-03,1,0,0
"891",2025-01-03,2,0,0
"892",2025-01-03,3,0,0
"893",2025-01-03,4,0,0
"894",2025-01-03,5,0,0
"895",2025-01-03,6,0,0
"896",2025-01-03,7,0,0
"897",2025-01-03,8,0,0
"898",2025-01-03,9,0,0
"899",2025-01-03,10,0,0
"900",2025-01-03,11,0,0
"901",2025-01-03,12,0,0
"902",2025-01-03,13,0,0
"903",2025-01-03,14,0,0
"904",2025-01-03,15,0,0
"905",2025-01-03,16,0,0
"906",2025-01-03,17,0,0
"907",2025-01-03,18,0,0
"908",2025-01-03,19,0,0
"909",2025-01-03,20,0,0
"910",2025-01-03,21,0,0
"911",2025-01-03,22,0,0
"912",2025-01-03,23,0,0
"913",2025-01-04,0,0,0
"914",2025-01-04,1,0,0
"915",2025-01-04,2,0,0
"916",2025-01-04,3,0,0
"917",2025-01-04,4,0,0
"918",2025-01-04,5,0,0
"919",2025-01-04,6,0,0
"920",2025-01-04,7,0,0
"921",2025-01-04,8,0,0
"922",2025-01-04,9,0,0
"923",2025-01-04,10,0,0
"924",2025-01-04,11,0,0
"925",2025-01-04,12,0,0
"926",2025-01-04,13,0,0
"927",2025-01-04,14,0,0
"928",2025-01-04,15,0,0
"929",2025-01-04,16,0,0
"930",2025-01-04,17,0,0
"931",2025-01-04,18,0,0
"932",2025-01-04,19,0,0
"933",2025-01-04,20,0,0
"934",2025-01-04,21,0,0
"935",2025-01-04,22,0,0
"936",2025-01-04,23,0,0
"937",2025-01-05,0,0,0
"938",2025-01-05,1,1,0
"939",2025-01-05,2,0,0
"940",2025-01-05,3,0,0
"941",2025-01-05,4,0,0
"942",2025-01-05,5,0,0
"943",2025-01-05,6,0,0
"944",2025-01-05,7,0,0
"945",2025-01-05,8,0,0
"946",2025-01-05,9,0,0
"947",2025-01-05,10,0,0
"948",2025-01-05,11,0,0
"949",2025-01-05,12,0,0
"950",2025-01-05,13,0,0
"951",2025-01-05,14,0,0
"952",2025-01-05,15,0,0
"953",2025-01-05,16,0,0
"954",2025-01-05,17,0,0
"955",2025-01-05,18,0,0
"956",2025-01-05,19,0,0
"957",2025-01-05,20,0,0
"958",2025-01-05,21,0,0
"959",2025-01-05,22,0,0
"960",2025-01-05,23,0,0
"961",2025-01-06,0,0,0
"962",2025-01-06,1,0,0
"963",2025-01-06,2,0,0
"964",2025-01-06,3,0,0
"965",2025-01-06,4,0,0
"966",2025-01-06,5,0,0
"967",2025-01-06,6,0,0
"968",2025-01-06,7,0,0
"969",2025-01-06,8,0,0
"970",2025-01-06,9,0,0
"971",2025-01-06,10,0,0
"972",2025-01-06,11,0,0
"973",2025-01-06,12,0,0
"974",2025-01-06,13,0,0
"975",2025-01-06,14,0,0
"976",2025-01-06,15,0,0
"977",2025-01-06,16,0,0
"978",2025-01-06,17,0,0
"979",2025-01-06,18,0,0
"980",2025-01-06,19,0,0
"981",2025-01-06,20,0,0
"982",2025-01-06,21,0,0
"983",2025-01-06,22,0,0
"984",2025-01-06,23,0,0
"985",2025-01-07,0,0,0
"986",2025-01-07,1,0,0
"987",2025-01-07,2,0,0
"988",2025-01-07,3,0,0
"989",2025-01-07,4,0,0
"990",2025-01-07,5,0,0
"991",2025-01-07,6,0,0
"992",2025-01-07,7,0,0
"993",2025-01-07,8,0,1
"994",2025-01-07,9,0,0
"995",2025-01-07,10,0,0
"996",2025-01-07,11,0,0
"997",2025-01-07,12,0,0
"998",2025-01-07,13,0,0
"999",2025-01-07,14,0,0
"1000",2025-01-07,15,0,0
"1001",2025-01-07,16,0,0
"1002",2025-01-07,17,0,0
"1003",2025-01-07,18,0,0
"1004",2025-01-07,19,0,0
"1005",2025-01-07,20,0,0
"1006",2025-01-07,21,0,0
"1007",2025-01-07,22,0,0
"1008",2025-01-07,23,0,0
"1009",2025-01-08,0,0,0
"1010",2025-01-08,1,0,0
"1011",2025-01-08,2,0,0
"1012",2025-01-08,3,0,0
"1013",2025-01-08,4,0,0
"1014",2025-01-08,5,0,0
"1015",2025-01-08,6,0,0
"1016",2025-01-08,7,0,0
"1017",2025-01-08,8,0,0
"1018",2025-01-08,9,0,0
"1019",2025-01-08,10,0,0
"1020",2025-01-08,11,0,0
"1021",2025-01-08,12,0,0
"1022",2025-01-08,13,0,0
"1023",2025-01-08,14,0,0
"1024",2025-01-08,15,0,0
"1025",2025-01-08,16,0,0
"1026",2025-01-08,17,0,0
"1027",2025-01-08,18,0,0
"1028",2025-01-08,19,0,0
"1029",2025-01-08,20,0,0
"1030",2025-01-08,21,0,0
"1031",2025-01-08,22,1,0
"1032",2025-01-08,23,1,0
"1033",2025-01-09,0,1,1
"1034",2025-01-09,1,1,0
"1035",2025-01-09,2,2,0
"1036",2025-01-09,3,0,0
"1037",2025-01-09,4,1,0
"1038",2025-01-09,5,0,0
"1039",2025-01-09,6,0,0
"1040",2025-01-09,7,0,0
"1041",2025-01-09,8,0,0
"1042",2025-01-09,9,0,0
"1043",2025-01-09,10,0,0
"1044",2025-01-09,11,0,0
"1045",2025-01-09,12,0,0
"1046",2025-01-09,13,0,0
"1047",2025-01-09,14,0,0
"1048",2025-01-09,15,0,0
"1049",2025-01-09,16,0,0
"1050",2025-01-09,17,0,0
"1051",2025-01-09,18,0,0
"1052",2025-01-09,19,0,0
"1053",2025-01-09,20,0,0
"1054",2025-01-09,21,0,0
"1055",2025-01-09,22,0,0
"1056",2025-01-09,23,0,0
"1057",2025-01-10,0,0,0
"1058",2025-01-10,1,0,0
"1059",2025-01-10,2,0,0
"1060",2025-01-10,3,0,0
"1061",2025-01-10,4,0,0
"1062",2025-01-10,5,0,0
"1063",2025-01-10,6,0,0
"1064",2025-01-10,7,0,0
"1065",2025-01-10,8,0,0
"1066",2025-01-10,9,0,0
"1067",2025-01-10,10,0,0
"1068",2025-01-10,11,0,0
"1069",2025-01-10,12,0,0
"1070",2025-01-10,13,0,0
"1071",2025-01-10,14,0,0
"1072",2025-01-10,15,0,0
"1073",2025-01-10,16,0,0
"1074",2025-01-10,17,0,0
"1075",2025-01-10,18,0,0
"1076",2025-01-10,19,0,0
"1077",2025-01-10,20,0,0
"1078",2025-01-10,21,0,0
"1079",2025-01-10,22,0,0
"1080",2025-01-10,23,0,0
"1081",2025-01-11,0,0,0
"1082",2025-01-11,1,0,0
"1083",2025-01-11,2,0,0
"1084",2025-01-11,3,0,0
"1085",2025-01-11,4,0,0
"1086",2025-01-11,5,0,0
"1087",2025-01-11,6,0,0
"1088",2025-01-11,7,0,0
"1089",2025-01-11,8,0,0
"1090",2025-01-11,9,0,0
"1091",2025-01-11,10,0,0
"1092",2025-01-11,11,0,0
"1093",2025-01-11,12,0,0
"1094",2025-01-11,13,0,0
"1095",2025-01-11,14,0,0
"1096",2025-01-11,15,0,0
"1097",2025-01-11,16,0,0
"1098",2025-01-11,17,0,0
"1099",2025-01-11,18,0,0
"1100",2025-01-11,19,0,0
"1101",2025-01-11,20,0,0
"1102",2025-01-11,21,0,0
"1103",2025-01-11,22,1,0
"1104",2025-01-11,23,1,0
"1105",2025-01-12,0,0,0
"1106",2025-01-12,1,1,0
"1107",2025-01-12,2,0,0
"1108",2025-01-12,3,1,0
"1109",2025-01-12,4,0,0
"1110",2025-01-12,5,0,0
"1111",2025-01-12,6,0,0
"1112",2025-01-12,7,0,0
"1113",2025-01-12,8,0,0
"1114",2025-01-12,9,0,0
"1115",2025-01-12,10,0,0
"1116",2025-01-12,11,0,0
"1117",2025-01-12,12,0,1
"1118",2025-01-12,13,0,0
"1119",2025-01-12,14,0,0
"1120",2025-01-12,15,0,0
"1121",2025-01-12,16,0,0
"1122",2025-01-12,17,0,0
"1123",2025-01-12,18,0,0
"1124",2025-01-12,19,0,0
"1125",2025-01-12,20,0,0
"1126",2025-01-12,21,0,0
"1127",2025-01-12,22,0,0
"1128",2025-01-12,23,0,0
"1129",2025-01-13,0,0,0
"1130",2025-01-13,1,0,1
"1131",2025-01-13,2,0,1
"1132",2025-01-13,3,1,0
"1133",2025-01-13,4,0,0
"1134",2025-01-13,5,0,0
"1135",2025-01-13,6,0,0
"1136",2025-01-13,7,0,0
"1137",2025-01-13,8,0,0
"1138",2025-01-13,9,0,1
"1139",2025-01-13,10,0,0
"1140",2025-01-13,11,0,0
"1141",2025-01-13,12,0,0
"1142",2025-01-13,13,0,0
"1143",2025-01-13,14,0,0
"1144",2025-01-13,15,0,0
"1145",2025-01-13,16,0,0
"1146",2025-01-13,17,0,0
"1147",2025-01-13,18,0,0
"1148",2025-01-13,19,0,0
"1149",2025-01-13,20,0,0
"1150",2025-01-13,21,0,0
"1151",2025-01-13,22,0,0
"1152",2025-01-13,23,0,0
"1153",2025-01-14,0,0,0
"1154",2025-01-14,1,0,0
"1155",2025-01-14,2,0,0
"1156",2025-01-14,3,0,0
"1157",2025-01-14,4,0,0
"1158",2025-01-14,5,0,0
"1159",2025-01-14,6,0,0
"1160",2025-01-14,7,0,0
"1161",2025-01-14,8,0,0
"1162",2025-01-14,9,0,0
"1163",2025-01-14,10,0,0
"1164",2025-01-14,11,0,0
"1165",2025-01-14,12,0,0
"1166",2025-01-14,13,0,0
"1167",2025-01-14,14,0,0
"1168",2025-01-14,15,0,0
"1169",2025-01-14,16,0,0
"1170",2025-01-14,17,0,1
"1171",2025-01-14,18,0,0
"1172",2025-01-14,19,0,0
"1173",2025-01-14,20,0,0
"1174",2025-01-14,21,0,0
"1175",2025-01-14,22,0,0
"1176",2025-01-14,23,0,0
"1177",2025-01-15,0,0,0
"1178",2025-01-15,1,1,0
"1179",2025-01-15,2,1,0
"1180",2025-01-15,3,0,0
"1181",2025-01-15,4,3,0
"1182",2025-01-15,5,3,0
"1183",2025-01-15,6,0,0
"1184",2025-01-15,7,0,0
"1185",2025-01-15,8,0,0
"1186",2025-01-15,9,0,0
"1187",2025-01-15,10,0,0
"1188",2025-01-15,11,0,0
"1189",2025-01-15,12,0,0
"1190",2025-01-15,13,0,0
"1191",2025-01-15,14,0,0
"1192",2025-01-15,15,0,0
"1193",2025-01-15,16,0,0
"1194",2025-01-15,17,0,0
"1195",2025-01-15,18,0,0
"1196",2025-01-15,19,0,0
"1197",2025-01-15,20,0,0
"1198",2025-01-15,21,0,0
"1199",2025-01-15,22,0,0
"1200",2025-01-15,23,0,0
"1201",2025-01-16,0,0,0
"1202",2025-01-16,1,0,0
"1203",2025-01-16,2,0,0
"1204",2025-01-16,3,0,0
"1205",2025-01-16,4,0,0
"1206",2025-01-16,5,0,0
"1207",2025-01-16,6,0,0
"1208",2025-01-16,7,0,0
"1209",2025-01-16,8,0,0
"1210",2025-01-16,9,0,0
"1211",2025-01-16,10,0,0
"1212",2025-01-16,11,0,0
"1213",2025-01-16,12,0,0
"1214",2025-01-16,13,0,0
"1215",2025-01-16,14,0,0
"1216",2025-01-16,15,0,0
"1217",2025-01-16,16,0,0
"1218",2025-01-16,17,0,0
"1219",2025-01-16,18,0,0
"1220",2025-01-16,19,0,0
"1221",2025-01-16,20,0,0
"1222",2025-01-16,21,0,0
"1223",2025-01-16,22,0,0
"1224",2025-01-16,23,0,0
"1225",2025-01-17,0,0,0
"1226",2025-01-17,1,0,0
"1227",2025-01-17,2,0,0
"1228",2025-01-17,3,0,0
"1229",2025-01-17,4,0,0
"1230",2025-01-17,5,0,0
"1231",2025-01-17,6,0,0
"1232",2025-01-17,7,0,0
"1233",2025-01-17,8,0,0
"1234",2025-01-17,9,0,0
"1235",2025-01-17,10,0,0
"1236",2025-01-17,11,0,0
"1237",2025-01-17,12,0,0
"1238",2025-01-17,13,0,0
"1239",2025-01-17,14,0,0
"1240",2025-01-17,15,0,0
"1241",2025-01-17,16,0,0
"1242",2025-01-17,17,0,0
"1243",2025-01-17,18,0,0
"1244",2025-01-17,19,0,0
"1245",2025-01-17,20,0,0
"1246",2025-01-17,21,0,0
"1247",2025-01-17,22,0,0
"1248",2025-01-17,23,0,0
"1249",2025-01-18,0,0,0
"1250",2025-01-18,1,0,0
"1251",2025-01-18,2,0,0
"1252",2025-01-18,3,0,0
"1253",2025-01-18,4,0,0
"1254",2025-01-18,5,0,0
"1255",2025-01-18,6,0,0
"1256",2025-01-18,7,0,0
"1257",2025-01-18,8,0,0
"1258",2025-01-18,9,0,0
"1259",2025-01-18,10,0,0
"1260",2025-01-18,11,0,0
"1261",2025-01-18,12,0,0
"1262",2025-01-18,13,0,0
"1263",2025-01-18,14,0,0
"1264",2025-01-18,15,0,0
"1265",2025-01-18,16,0,0
"1266",2025-01-18,17,0,1
"1267",2025-01-18,18,0,0
"1268",2025-01-18,19,0,0
"1269",2025-01-18,20,0,0
"1270",2025-01-18,21,0,0
"1271",2025-01-18,22,0,0
"1272",2025-01-18,23,0,0
"1273",2025-01-19,0,0,0
"1274",2025-01-19,1,0,0
"1275",2025-01-19,2,0,0
"1276",2025-01-19,3,0,0
"1277",2025-01-19,4,0,0
"1278",2025-01-19,5,0,0
"1279",2025-01-19,6,0,0
"1280",2025-01-19,7,0,0
"1281",2025-01-19,8,0,0
"1282",2025-01-19,9,0,0
"1283",2025-01-19,10,0,0
"1284",2025-01-19,11,0,0
"1285",2025-01-19,12,0,0
"1286",2025-01-19,13,0,0
"1287",2025-01-19,14,0,0
"1288",2025-01-19,15,0,0
"1289",2025-01-19,16,0,0
"1290",2025-01-19,17,0,0
"1291",2025-01-19,18,0,0
"1292",2025-01-19,19,0,0
"1293",2025-01-19,20,0,0
"1294",2025-01-19,21,0,0
"1295",2025-01-19,22,0,0
"1296",2025-01-19,23,0,0
"1297",2025-01-20,0,0,0
"1298",2025-01-20,1,0,0
"1299",2025-01-20,2,0,0
"1300",2025-01-20,3,0,0
"1301",2025-01-20,4,0,0
"1302",2025-01-20,5,0,0
"1303",2025-01-20,6,0,0
"1304",2025-01-20,7,0,0
"1305",2025-01-20,8,0,0
"1306",2025-01-20,9,0,0
"1307",2025-01-20,10,0,0
"1308",2025-01-20,11,0,0
"1309",2025-01-20,12,0,0
"1310",2025-01-20,13,0,0
"1311",2025-01-20,14,0,0
"1312",2025-01-20,15,0,0
"1313",2025-01-20,16,0,0
"1314",2025-01-20,17,0,0
"1315",2025-01-20,18,0,0
"1316",2025-01-20,19,0,0
"1317",2025-01-20,20,0,0
"1318",2025-01-20,21,0,0
"1319",2025-01-20,22,0,0
"1320",2025-01-20,23,0,0
"1321",2025-01-21,0,0,0
"1322",2025-01-21,1,0,0
"1323",2025-01-21,2,0,0
"1324",2025-01-21,3,0,0
"1325",2025-01-21,4,0,0
"1326",2025-01-21,5,0,0
"1327",2025-01-21,6,0,0
"1328",2025-01-21,7,0,0
"1329",2025-01-21,8,0,0
"1330",2025-01-21,9,0,0
"1331",2025-01-21,10,0,0
"1332",2025-01-21,11,0,0
"1333",2025-01-21,12,0,0
"1334",2025-01-21,13,0,0
"1335",2025-01-21,14,0,0
"1336",2025-01-21,15,0,0
"1337",2025-01-21,16,0,0
"1338",2025-01-21,17,0,0
"1339",2025-01-21,18,0,0
"1340",2025-01-21,19,0,0
"1341",2025-01-21,20,0,0
"1342",2025-01-21,21,0,0
"1343",2025-01-21,22,0,0
"1344",2025-01-21,23,0,0
"1345",2025-01-22,0,0,0
"1346",2025-01-22,1,0,0
"1347",2025-01-22,2,0,0
"1348",2025-01-22,3,0,0
"1349",2025-01-22,4,0,0
"1350",2025-01-22,5,0,0
"1351",2025-01-22,6,0,0
"1352",2025-01-22,7,0,0
"1353",2025-01-22,8,0,0
"1354",2025-01-22,9,0,0
"1355",2025-01-22,10,0,0
"1356",2025-01-22,11,0,0
"1357",2025-01-22,12,0,0
"1358",2025-01-22,13,0,0
"1359",2025-01-22,14,0,0
"1360",2025-01-22,15,0,0
"1361",2025-01-22,16,0,0
"1362",2025-01-22,17,0,0
"1363",2025-01-22,18,0,0
"1364",2025-01-22,19,0,0
"1365",2025-01-22,20,0,0
"1366",2025-01-22,21,0,0
"1367",2025-01-22,22,0,0
"1368",2025-01-22,23,0,0
"1369",2025-01-23,0,0,0
"1370",2025-01-23,1,0,0
"1371",2025-01-23,2,1,0
"1372",2025-01-23,3,0,0
"1373",2025-01-23,4,0,1
"1374",2025-01-23,5,0,0
"1375",2025-01-23,6,0,0
"1376",2025-01-23,7,0,0
"1377",2025-01-23,8,0,0
"1378",2025-01-23,9,0,0
"1379",2025-01-23,10,0,0
"1380",2025-01-23,11,0,0
"1381",2025-01-23,12,0,0
"1382",2025-01-23,13,0,0
"1383",2025-01-23,14,0,0
"1384",2025-01-23,15,0,0
"1385",2025-01-23,16,0,0
"1386",2025-01-23,17,0,0
"1387",2025-01-23,18,0,0
"1388",2025-01-23,19,0,0
"1389",2025-01-23,20,0,0
"1390",2025-01-23,21,0,0
"1391",2025-01-23,22,0,0
"1392",2025-01-23,23,0,0
"1393",2025-01-24,0,0,0
"1394",2025-01-24,1,0,0
"1395",2025-01-24,2,0,0
"1396",2025-01-24,3,0,0
"1397",2025-01-24,4,0,0
"1398",2025-01-24,5,0,0
"1399",2025-01-24,6,0,0
"1400",2025-01-24,7,0,0
"1401",2025-01-24,8,0,0
"1402",2025-01-24,9,0,0
"1403",2025-01-24,10,0,0
"1404",2025-01-24,11,0,0
"1405",2025-01-24,12,0,0
"1406",2025-01-24,13,0,0
"1407",2025-01-24,14,0,0
"1408",2025-01-24,15,0,0
"1409",2025-01-24,16,0,0
"1410",2025-01-24,17,0,0
"1411",2025-01-24,18,0,0
"1412",2025-01-24,19,0,0
"1413",2025-01-24,20,0,0
"1414",2025-01-24,21,0,0
"1415",2025-01-24,22,0,0
"1416",2025-01-24,23,0,0
"1417",2025-01-25,0,0,0
"1418",2025-01-25,1,0,0
"1419",2025-01-25,2,0,0
"1420",2025-01-25,3,0,0
"1421",2025-01-25,4,0,0
"1422",2025-01-25,5,0,0
"1423",2025-01-25,6,0,0
"1424",2025-01-25,7,0,0
"1425",2025-01-25,8,0,0
"1426",2025-01-25,9,0,0
"1427",2025-01-25,10,0,0
"1428",2025-01-25,11,0,0
"1429",2025-01-25,12,0,0
"1430",2025-01-25,13,0,0
"1431",2025-01-25,14,0,0
"1432",2025-01-25,15,0,0
"1433",2025-01-25,16,0,0
"1434",2025-01-25,17,0,0
"1435",2025-01-25,18,0,0
"1436",2025-01-25,19,0,1
"1437",2025-01-25,20,0,0
"1438",2025-01-25,21,0,0
"1439",2025-01-25,22,0,0
"1440",2025-01-25,23,0,0
"1441",2025-01-26,0,0,0
"1442",2025-01-26,1,0,0
"1443",2025-01-26,2,0,0
"1444",2025-01-26,3,0,0
"1445",2025-01-26,4,0,0
"1446",2025-01-26,5,0,0
"1447",2025-01-26,6,0,1
"1448",2025-01-26,7,0,0
"1449",2025-01-26,8,0,0
"1450",2025-01-26,9,0,0
"1451",2025-01-26,10,0,0
"1452",2025-01-26,11,0,0
"1453",2025-01-26,12,0,0
"1454",2025-01-26,13,0,0
"1455",2025-01-26,14,0,0
"1456",2025-01-26,15,0,0
"1457",2025-01-26,16,0,0
"1458",2025-01-26,17,0,0
"1459",2025-01-26,18,0,0
"1460",2025-01-26,19,0,0
"1461",2025-01-26,20,0,0
"1462",2025-01-26,21,0,0
"1463",2025-01-26,22,0,0
"1464",2025-01-26,23,0,0
"1465",2025-01-27,0,0,0
"1466",2025-01-27,1,0,0
"1467",2025-01-27,2,0,0
"1468",2025-01-27,3,0,0
"1469",2025-01-27,4,0,0
"1470",2025-01-27,5,0,0
"1471",2025-01-27,6,0,0
"1472",2025-01-27,7,0,0
"1473",2025-01-27,8,0,0
"1474",2025-01-27,9,0,0
"1475",2025-01-27,10,0,0
"1476",2025-01-27,11,0,0
"1477",2025-01-27,12,0,0
"1478",2025-01-27,13,0,0
"1479",2025-01-27,14,0,0
"1480",2025-01-27,15,0,0
"1481",2025-01-27,16,0,0
"1482",2025-01-27,17,0,0
"1483",2025-01-27,18,0,0
"1484",2025-01-27,19,0,0
"1485",2025-01-27,20,0,0
"1486",2025-01-27,21,0,0
"1487",2025-01-27,22,0,0
"1488",2025-01-27,23,0,0
"1489",2025-01-28,0,0,0
"1490",2025-01-28,1,0,0
"1491",2025-01-28,2,0,0
"1492",2025-01-28,3,0,0
"1493",2025-01-28,4,0,0
"1494",2025-01-28,5,0,0
"1495",2025-01-28,6,0,0
"1496",2025-01-28,7,0,0
"1497",2025-01-28,8,0,0
"1498",2025-01-28,9,0,0
"1499",2025-01-28,10,0,0
"1500",2025-01-28,11,0,0
"1501",2025-01-28,12,0,0
"1502",2025-01-28,13,0,0
"1503",2025-01-28,14,0,0
"1504",2025-01-28,15,0,0
"1505",2025-01-28,16,0,0
"1506",2025-01-28,17,0,0
"1507",2025-01-28,18,0,0
"1508",2025-01-28,19,0,0
"1509",2025-01-28,20,0,0
"1510",2025-01-28,21,0,0
"1511",2025-01-28,22,0,0
"1512",2025-01-28,23,0,0
"1513",2025-01-29,0,0,0
"1514",2025-01-29,1,0,0
"1515",2025-01-29,2,0,0
"1516",2025-01-29,3,0,0
"1517",2025-01-29,4,0,0
"1518",2025-01-29,5,0,0
"1519",2025-01-29,6,0,1
"1520",2025-01-29,7,0,0
"1521",2025-01-29,8,0,0
"1522",2025-01-29,9,0,0
"1523",2025-01-29,10,0,0
"1524",2025-01-29,11,0,0
"1525",2025-01-29,12,0,0
"1526",2025-01-29,13,0,0
"1527",2025-01-29,14,0,0
"1528",2025-01-29,15,0,0
"1529",2025-01-29,16,0,1
"1530",2025-01-29,17,0,0
"1531",2025-01-29,18,0,0
"1532",2025-01-29,19,0,0
"1533",2025-01-29,20,0,0
"1534",2025-01-29,21,0,0
"1535",2025-01-29,22,0,0
"1536",2025-01-29,23,0,0
"1537",2025-01-30,0,0,0
"1538",2025-01-30,1,0,0
"1539",2025-01-30,2,0,0
"1540",2025-01-30,3,0,0
"1541",2025-01-30,4,0,0
"1542",2025-01-30,5,0,0
"1543",2025-01-30,6,0,0
"1544",2025-01-30,7,0,0
"1545",2025-01-30,8,0,0
"1546",2025-01-30,9,0,0
"1547",2025-01-30,10,0,0
"1548",2025-01-30,11,0,0
"1549",2025-01-30,12,0,0
"1550",2025-01-30,13,0,0
"1551",2025-01-30,14,0,0
"1552",2025-01-30,15,0,0
"1553",2025-01-30,16,0,0
"1554",2025-01-30,17,0,0
"1555",2025-01-30,18,0,0
"1556",2025-01-30,19,0,0
"1557",2025-01-30,20,0,0
"1558",2025-01-30,21,0,0
"1559",2025-01-30,22,0,0
"1560",2025-01-30,23,0,0
"1561",2025-01-31,0,0,0
"1562",2025-01-31,1,0,0
"1563",2025-01-31,2,0,0
"1564",2025-01-31,3,0,0
"1565",2025-01-31,4,0,0
"1566",2025-01-31,5,0,0
"1567",2025-01-31,6,0,0
"1568",2025-01-31,7,0,0
"1569",2025-01-31,8,0,0
"1570",2025-01-31,9,0,0
"1571",2025-01-31,10,0,0
"1572",2025-01-31,11,0,0
"1573",2025-01-31,12,0,0
"1574",2025-01-31,13,0,0
"1575",2025-01-31,14,0,0
"1576",2025-01-31,15,0,0
"1577",2025-01-31,16,0,0
"1578",2025-01-31,17,0,0
"1579",2025-01-31,18,0,0
"1580",2025-01-31,19,0,0
"1581",2025-01-31,20,0,0
"1582",2025-01-31,21,0,0
"1583",2025-01-31,22,0,0
"1584",2025-01-31,23,0,0
"1585",2025-02-01,0,0,0
"1586",2025-02-01,1,0,0
"1587",2025-02-01,2,0,0
"1588",2025-02-01,3,0,0
"1589",2025-02-01,4,0,0
"1590",2025-02-01,5,0,0
"1591",2025-02-01,6,0,0
"1592",2025-02-01,7,0,0
"1593",2025-02-01,8,0,0
"1594",2025-02-01,9,0,0
"1595",2025-02-01,10,0,0
"1596",2025-02-01,11,0,0
"1597",2025-02-01,12,0,0
"1598",2025-02-01,13,0,0
"1599",2025-02-01,14,0,0
"1600",2025-02-01,15,0,0
"1601",2025-02-01,16,0,0
"1602",2025-02-01,17,0,0
"1603",2025-02-01,18,0,0
"1604",2025-02-01,19,0,0
"1605",2025-02-01,20,0,0
"1606",2025-02-01,21,0,0
"1607",2025-02-01,22,0,0
"1608",2025-02-01,23,0,0
"1609",2025-02-02,0,0,0
"1610",2025-02-02,1,0,0
"1611",2025-02-02,2,0,0
"1612",2025-02-02,3,0,0
"1613",2025-02-02,4,0,0
"1614",2025-02-02,5,0,0
"1615",2025-02-02,6,0,0
"1616",2025-02-02,7,0,0
"1617",2025-02-02,8,0,0
"1618",2025-02-02,9,0,0
"1619",2025-02-02,10,0,0
"1620",2025-02-02,11,0,0
"1621",2025-02-02,12,0,0
"1622",2025-02-02,13,0,0
"1623",2025-02-02,14,0,0
"1624",2025-02-02,15,0,0
"1625",2025-02-02,16,0,0
"1626",2025-02-02,17,0,0
"1627",2025-02-02,18,0,0
"1628",2025-02-02,19,0,0
"1629",2025-02-02,20,0,0
"1630",2025-02-02,21,0,0
"1631",2025-02-02,22,0,0
"1632",2025-02-02,23,0,0
"1633",2025-02-03,0,0,0
"1634",2025-02-03,1,0,0
"1635",2025-02-03,2,0,0
"1636",2025-02-03,3,0,0
"1637",2025-02-03,4,0,0
"1638",2025-02-03,5,0,0
"1639",2025-02-03,6,0,0
"1640",2025-02-03,7,0,0
"1641",2025-02-03,8,0,0
"1642",2025-02-03,9,0,0
"1643",2025-02-03,10,0,0
"1644",2025-02-03,11,0,0
"1645",2025-02-03,12,0,0
"1646",2025-02-03,13,0,0
"1647",2025-02-03,14,0,0
"1648",2025-02-03,15,0,0
"1649",2025-02-03,16,0,0
"1650",2025-02-03,17,0,0
"1651",2025-02-03,18,0,0
"1652",2025-02-03,19,0,0
"1653",2025-02-03,20,0,0
"1654",2025-02-03,21,0,0
"1655",2025-02-03,22,0,0
"1656",2025-02-03,23,0,0
"1657",2025-02-04,0,0,0
"1658",2025-02-04,1,0,0
"1659",2025-02-04,2,0,0
"1660",2025-02-04,3,0,0
"1661",2025-02-04,4,0,0
"1662",2025-02-04,5,0,0
"1663",2025-02-04,6,0,0
"1664",2025-02-04,7,0,0
"1665",2025-02-04,8,0,0
"1666",2025-02-04,9,0,0
"1667",2025-02-04,10,0,0
"1668",2025-02-04,11,0,0
"1669",2025-02-04,12,0,0
"1670",2025-02-04,13,0,0
"1671",2025-02-04,14,0,0
"1672",2025-02-04,15,0,0
"1673",2025-02-04,16,0,0
"1674",2025-02-04,17,0,0
"1675",2025-02-04,18,0,0
"1676",2025-02-04,19,0,0
"1677",2025-02-04,20,0,0
"1678",2025-02-04,21,0,0
"1679",2025-02-04,22,0,0
"1680",2025-02-04,23,0,0
"1681",2025-02-05,0,0,0
"1682",2025-02-05,1,0,0
"1683",2025-02-05,2,0,0
"1684",2025-02-05,3,0,0
"1685",2025-02-05,4,0,0
"1686",2025-02-05,5,0,0
"1687",2025-02-05,6,0,0
"1688",2025-02-05,7,0,0
"1689",2025-02-05,8,0,0
"1690",2025-02-05,9,0,0
"1691",2025-02-05,10,0,0
"1692",2025-02-05,11,0,0
"1693",2025-02-05,12,0,0
"1694",2025-02-05,13,0,0
"1695",2025-02-05,14,0,0
"1696",2025-02-05,15,0,0
"1697",2025-02-05,16,0,0
"1698",2025-02-05,17,0,0
"1699",2025-02-05,18,0,0
"1700",2025-02-05,19,0,0
"1701",2025-02-05,20,0,0
"1702",2025-02-05,21,0,0
"1703",2025-02-05,22,0,0
"1704",2025-02-05,23,0,0
"1705",2025-02-06,0,0,0
"1706",2025-02-06,1,0,0
"1707",2025-02-06,2,0,0
"1708",2025-02-06,3,0,0
"1709",2025-02-06,4,0,0
"1710",2025-02-06,5,0,0
"1711",2025-02-06,6,0,0
"1712",2025-02-06,7,0,0
"1713",2025-02-06,8,0,0
"1714",2025-02-06,9,0,0
"1715",2025-02-06,10,0,0
"1716",2025-02-06,11,0,0
"1717",2025-02-06,12,0,0
"1718",2025-02-06,13,0,0
"1719",2025-02-06,14,0,0
"1720",2025-02-06,15,0,0
"1721",2025-02-06,16,0,0
"1722",2025-02-06,17,0,0
"1723",2025-02-06,18,0,0
"1724",2025-02-06,19,0,0
"1725",2025-02-06,20,0,0
"1726",2025-02-06,21,0,0
"1727",2025-02-06,22,0,0
"1728",2025-02-06,23,0,0
"1729",2025-02-07,0,0,0
"1730",2025-02-07,1,0,0
"1731",2025-02-07,2,0,0
"1732",2025-02-07,3,0,0
"1733",2025-02-07,4,0,0
"1734",2025-02-07,5,0,0
"1735",2025-02-07,6,0,0
"1736",2025-02-07,7,0,0
"1737",2025-02-07,8,0,0
"1738",2025-02-07,9,0,0
"1739",2025-02-07,10,0,0
"1740",2025-02-07,11,0,0
"1741",2025-02-07,12,0,0
"1742",2025-02-07,13,0,0
"1743",2025-02-07,14,0,0
"1744",2025-02-07,15,0,0
"1745",2025-02-07,16,0,0
"1746",2025-02-07,17,0,0
"1747",2025-02-07,18,0,0
"1748",2025-02-07,19,0,0
"1749",2025-02-07,20,0,0
"1750",2025-02-07,21,0,0
"1751",2025-02-07,22,0,0
"1752",2025-02-07,23,0,0
"1753",2025-02-08,0,0,0
"1754",2025-02-08,1,0,0
"1755",2025-02-08,2,0,0
"1756",2025-02-08,3,0,0
"1757",2025-02-08,4,0,0
"1758",2025-02-08,5,0,0
"1759",2025-02-08,6,0,0
"1760",2025-02-08,7,0,0
"1761",2025-02-08,8,0,0
"1762",2025-02-08,9,0,0
"1763",2025-02-08,10,0,0
"1764",2025-02-08,11,0,0
"1765",2025-02-08,12,0,0
"1766",2025-02-08,13,0,0
"1767",2025-02-08,14,0,0
"1768",2025-02-08,15,0,0
"1769",2025-02-08,16,0,0
"1770",2025-02-08,17,0,0
"1771",2025-02-08,18,0,0
"1772",2025-02-08,19,0,0
"1773",2025-02-08,20,0,0
"1774",2025-02-08,21,0,0
"1775",2025-02-08,22,0,0
"1776",2025-02-08,23,0,0
"1777",2025-02-09,0,0,0
"1778",2025-02-09,1,0,0
"1779",2025-02-09,2,0,0
"1780",2025-02-09,3,0,0
"1781",2025-02-09,4,0,0
"1782",2025-02-09,5,0,0
"1783",2025-02-09,6,0,0
"1784",2025-02-09,7,0,0
"1785",2025-02-09,8,0,0
"1786",2025-02-09,9,0,0
"1787",2025-02-09,10,0,0
"1788",2025-02-09,11,0,0
"1789",2025-02-09,12,0,0
"1790",2025-02-09,13,0,0
"1791",2025-02-09,14,0,0
"1792",2025-02-09,15,0,0
"1793",2025-02-09,16,0,0
"1794",2025-02-09,17,0,0
"1795",2025-02-09,18,0,0
"1796",2025-02-09,19,0,0
"1797",2025-02-09,20,0,0
"1798",2025-02-09,21,0,0
"1799",2025-02-09,22,0,0
"1800",2025-02-09,23,0,0
"1801",2025-02-10,0,0,0
"1802",2025-02-10,1,0,0
"1803",2025-02-10,2,1,0
"1804",2025-02-10,3,0,0
"1805",2025-02-10,4,0,0
"1806",2025-02-10,5,0,0
"1807",2025-02-10,6,0,0
"1808",2025-02-10,7,0,0
"1809",2025-02-10,8,0,0
"1810",2025-02-10,9,0,0
"1811",2025-02-10,10,0,0
"1812",2025-02-10,11,0,0
"1813",2025-02-10,12,0,0
"1814",2025-02-10,13,0,0
"1815",2025-02-10,14,0,0
"1816",2025-02-10,15,0,0
"1817",2025-02-10,16,0,0
"1818",2025-02-10,17,0,0
"1819",2025-02-10,18,0,0
"1820",2025-02-10,19,0,0
"1821",2025-02-10,20,0,0
"1822",2025-02-10,21,0,0
"1823",2025-02-10,22,0,0
"1824",2025-02-10,23,0,0
"1825",2025-02-11,0,0,0
"1826",2025-02-11,1,0,0
"1827",2025-02-11,2,0,0
"1828",2025-02-11,3,0,0
"1829",2025-02-11,4,0,0
"1830",2025-02-11,5,0,0
"1831",2025-02-11,6,0,0
"1832",2025-02-11,7,0,0
"1833",2025-02-11,8,0,0
"1834",2025-02-11,9,0,0
"1835",2025-02-11,10,0,0
"1836",2025-02-11,11,0,0
"1837",2025-02-11,12,0,0
"1838",2025-02-11,13,0,0
"1839",2025-02-11,14,0,0
"1840",2025-02-11,15,0,0
"1841",2025-02-11,16,0,0
"1842",2025-02-11,17,0,0
"1843",2025-02-11,18,0,0
"1844",2025-02-11,19,0,0
"1845",2025-02-11,20,0,0
"1846",2025-02-11,21,0,0
"1847",2025-02-11,22,0,0
"1848",2025-02-11,23,0,0
"1849",2025-02-12,0,0,0
"1850",2025-02-12,1,0,0
"1851",2025-02-12,2,0,0
"1852",2025-02-12,3,0,0
"1853",2025-02-12,4,0,0
"1854",2025-02-12,5,0,0
"1855",2025-02-12,6,0,0
"1856",2025-02-12,7,0,0
"1857",2025-02-12,8,0,0
"1858",2025-02-12,9,0,0
"1859",2025-02-12,10,0,0
"1860",2025-02-12,11,0,0
"1861",2025-02-12,12,0,0
"1862",2025-02-12,13,0,0
"1863",2025-02-12,14,0,0
"1864",2025-02-12,15,0,0
"1865",2025-02-12,16,0,0
"1866",2025-02-12,17,0,0
"1867",2025-02-12,18,0,0
"1868",2025-02-12,19,0,0
"1869",2025-02-12,20,0,0
"1870",2025-02-12,21,0,0
"1871",2025-02-12,22,0,0
"1872",2025-02-12,23,0,0
"1873",2025-02-13,0,0,0
"1874",2025-02-13,1,0,0
"1875",2025-02-13,2,0,0
"1876",2025-02-13,3,0,0
"1877",2025-02-13,4,0,0
"1878",2025-02-13,5,0,0
"1879",2025-02-13,6,0,0
"1880",2025-02-13,7,0,0
"1881",2025-02-13,8,0,0
"1882",2025-02-13,9,0,0
"1883",2025-02-13,10,0,0
"1884",2025-02-13,11,0,0
"1885",2025-02-13,12,0,0
"1886",2025-02-13,13,0,0
"1887",2025-02-13,14,0,0
"1888",2025-02-13,15,0,0
"1889",2025-02-13,16,0,1
"1890",2025-02-13,17,0,0
"1891",2025-02-13,18,0,0
"1892",2025-02-13,19,0,0
"1893",2025-02-13,20,0,0
"1894",2025-02-13,21,0,0
"1895",2025-02-13,22,0,0
"1896",2025-02-13,23,0,0
"1897",2025-02-14,0,0,0
"1898",2025-02-14,1,0,0
"1899",2025-02-14,2,0,0
"1900",2025-02-14,3,0,0
"1901",2025-02-14,4,0,0
"1902",2025-02-14,5,0,0
"1903",2025-02-14,6,0,0
"1904",2025-02-14,7,0,0
"1905",2025-02-14,8,0,0
"1906",2025-02-14,9,0,0
"1907",2025-02-14,10,0,0
"1908",2025-02-14,11,0,0
"1909",2025-02-14,12,0,0
"1910",2025-02-14,13,0,0
"1911",2025-02-14,14,0,0
"1912",2025-02-14,15,0,0
"1913",2025-02-14,16,0,0
"1914",2025-02-14,17,0,0
"1915",2025-02-14,18,0,0
"1916",2025-02-14,19,0,0
"1917",2025-02-14,20,0,0
"1918",2025-02-14,21,0,0
"1919",2025-02-14,22,0,0
"1920",2025-02-14,23,0,0
"1921",2025-02-15,0,0,0
"1922",2025-02-15,1,0,0
"1923",2025-02-15,2,0,0
"1924",2025-02-15,3,0,0
"1925",2025-02-15,4,0,0
"1926",2025-02-15,5,0,0
"1927",2025-02-15,6,0,0
"1928",2025-02-15,7,0,0
"1929",2025-02-15,8,0,0
"1930",2025-02-15,9,0,0
"1931",2025-02-15,10,0,0
"1932",2025-02-15,11,0,0
"1933",2025-02-15,12,0,0
"1934",2025-02-15,13,0,0
"1935",2025-02-15,14,0,0
"1936",2025-02-15,15,0,0
"1937",2025-02-15,16,0,0
"1938",2025-02-15,17,0,0
"1939",2025-02-15,18,0,0
"1940",2025-02-15,19,0,0
"1941",2025-02-15,20,0,0
"1942",2025-02-15,21,0,0
"1943",2025-02-15,22,0,0
"1944",2025-02-15,23,0,0
"1945",2025-02-16,0,0,0
"1946",2025-02-16,1,0,0
"1947",2025-02-16,2,0,0
"1948",2025-02-16,3,0,0
"1949",2025-02-16,4,0,0
"1950",2025-02-16,5,0,0
"1951",2025-02-16,6,0,0
"1952",2025-02-16,7,0,0
"1953",2025-02-16,8,0,0
"1954",2025-02-16,9,0,0
"1955",2025-02-16,10,0,0
"1956",2025-02-16,11,0,0
"1957",2025-02-16,12,0,0
"1958",2025-02-16,13,0,0
"1959",2025-02-16,14,0,0
"1960",2025-02-16,15,0,0
"1961",2025-02-16,16,0,0
"1962",2025-02-16,17,0,0
"1963",2025-02-16,18,0,0
"1964",2025-02-16,19,0,0
"1965",2025-02-16,20,0,0
"1966",2025-02-16,21,0,0
"1967",2025-02-16,22,0,0
"1968",2025-02-16,23,0,0
"1969",2025-02-17,0,0,0
"1970",2025-02-17,1,0,0
"1971",2025-02-17,2,0,0
"1972",2025-02-17,3,0,0
"1973",2025-02-17,4,0,0
"1974",2025-02-17,5,0,0
"1975",2025-02-17,6,0,0
"1976",2025-02-17,7,0,0
"1977",2025-02-17,8,0,0
"1978",2025-02-17,9,0,0
"1979",2025-02-17,10,0,0
"1980",2025-02-17,11,0,0
"1981",2025-02-17,12,0,0
"1982",2025-02-17,13,0,0
"1983",2025-02-17,14,0,0
"1984",2025-02-17,15,0,0
"1985",2025-02-17,16,0,0
"1986",2025-02-17,17,0,0
"1987",2025-02-17,18,0,0
"1988",2025-02-17,19,0,0
"1989",2025-02-17,20,0,0
"1990",2025-02-17,21,0,0
"1991",2025-02-17,22,0,0
"1992",2025-02-17,23,0,0
"1993",2025-02-18,0,0,0
"1994",2025-02-18,1,0,0
"1995",2025-02-18,2,0,0
"1996",2025-02-18,3,0,0
"1997",2025-02-18,4,0,0
"1998",2025-02-18,5,0,0
"1999",2025-02-18,6,0,0
"2000",2025-02-18,7,0,0
"2001",2025-02-18,8,0,0
"2002",2025-02-18,9,0,0
"2003",2025-02-18,10,0,0
"2004",2025-02-18,11,0,0
"2005",2025-02-18,12,0,0
"2006",2025-02-18,13,0,0
"2007",2025-02-18,14,0,0
"2008",2025-02-18,15,0,0
"2009",2025-02-18,16,0,0
"2010",2025-02-18,17,0,0
"2011",2025-02-18,18,0,0
"2012",2025-02-18,19,0,0
"2013",2025-02-18,20,0,0
"2014",2025-02-18,21,0,0
"2015",2025-02-18,22,0,0
"2016",2025-02-18,23,0,0
"2017",2025-02-19,0,0,0
"2018",2025-02-19,1,0,0
"2019",2025-02-19,2,0,0
"2020",2025-02-19,3,0,0
"2021",2025-02-19,4,0,0
"2022",2025-02-19,5,0,0
"2023",2025-02-19,6,0,0
"2024",2025-02-19,7,0,0
"2025",2025-02-19,8,0,0
"2026",2025-02-19,9,0,0
"2027",2025-02-19,10,0,0
"2028",2025-02-19,11,0,0
"2029",2025-02-19,12,0,0
"2030",2025-02-19,13,0,0
"2031",2025-02-19,14,0,0
"2032",2025-02-19,15,0,0
"2033",2025-02-19,16,0,0
"2034",2025-02-19,17,0,0
"2035",2025-02-19,18,0,0
"2036",2025-02-19,19,0,0
"2037",2025-02-19,20,0,0
"2038",2025-02-19,21,0,0
"2039",2025-02-19,22,0,0
"2040",2025-02-19,23,0,0
"2041",2025-02-20,0,0,0
"2042",2025-02-20,1,0,0
"2043",2025-02-20,2,0,0
"2044",2025-02-20,3,0,0
"2045",2025-02-20,4,0,0
"2046",2025-02-20,5,0,0
"2047",2025-02-20,6,0,0
"2048",2025-02-20,7,0,0
"2049",2025-02-20,8,0,0
"2050",2025-02-20,9,0,0
"2051",2025-02-20,10,0,0
"2052",2025-02-20,11,0,0
"2053",2025-02-20,12,0,0
"2054",2025-02-20,13,0,0
"2055",2025-02-20,14,0,0
"2056",2025-02-20,15,0,0
"2057",2025-02-20,16,0,0
"2058",2025-02-20,17,0,0
"2059",2025-02-20,18,0,0
"2060",2025-02-20,19,0,0
"2061",2025-02-20,20,0,0
"2062",2025-02-20,21,0,0
"2063",2025-02-20,22,0,0
"2064",2025-02-20,23,0,0
"2065",2025-02-21,0,0,0
"2066",2025-02-21,1,0,0
"2067",2025-02-21,2,0,0
"2068",2025-02-21,3,0,0
"2069",2025-02-21,4,0,0
"2070",2025-02-21,5,0,0
"2071",2025-02-21,6,0,0
"2072",2025-02-21,7,0,0
"2073",2025-02-21,8,0,0
"2074",2025-02-21,9,0,0
"2075",2025-02-21,10,0,0
"2076",2025-02-21,11,0,0
"2077",2025-02-21,12,0,0
"2078",2025-02-21,13,0,0
"2079",2025-02-21,14,0,0
"2080",2025-02-21,15,0,0
"2081",2025-02-21,16,0,0
"2082",2025-02-21,17,0,0
"2083",2025-02-21,18,0,0
"2084",2025-02-21,19,0,0
"2085",2025-02-21,20,0,0
"2086",2025-02-21,21,0,0
"2087",2025-02-21,22,0,0
"2088",2025-02-21,23,0,0
"2089",2025-02-22,0,0,0
"2090",2025-02-22,1,0,0
"2091",2025-02-22,2,0,0
"2092",2025-02-22,3,0,0
"2093",2025-02-22,4,0,0
"2094",2025-02-22,5,0,0
"2095",2025-02-22,6,0,0
"2096",2025-02-22,7,0,0
"2097",2025-02-22,8,0,0
"2098",2025-02-22,9,0,0
"2099",2025-02-22,10,0,0
"2100",2025-02-22,11,0,0
"2101",2025-02-22,12,0,0
"2102",2025-02-22,13,0,1
"2103",2025-02-22,14,0,0
"2104",2025-02-22,15,0,0
"2105",2025-02-22,16,0,0
"2106",2025-02-22,17,0,0
"2107",2025-02-22,18,0,0
"2108",2025-02-22,19,0,0
"2109",2025-02-22,20,0,0
"2110",2025-02-22,21,0,0
"2111",2025-02-22,22,0,0
"2112",2025-02-22,23,0,0
"2113",2025-02-23,0,0,0
"2114",2025-02-23,1,0,0
"2115",2025-02-23,2,0,0
"2116",2025-02-23,3,0,0
"2117",2025-02-23,4,0,0
"2118",2025-02-23,5,0,0
"2119",2025-02-23,6,0,0
"2120",2025-02-23,7,0,0
"2121",2025-02-23,8,0,0
"2122",2025-02-23,9,0,0
"2123",2025-02-23,10,0,0
"2124",2025-02-23,11,0,0
"2125",2025-02-23,12,0,0
"2126",2025-02-23,13,0,0
"2127",2025-02-23,14,0,0
"2128",2025-02-23,15,0,0
"2129",2025-02-23,16,0,0
"2130",2025-02-23,17,0,0
"2131",2025-02-23,18,0,0
"2132",2025-02-23,19,0,0
"2133",2025-02-23,20,0,0
"2134",2025-02-23,21,0,0
"2135",2025-02-23,22,0,0
"2136",2025-02-23,23,0,0
"2137",2025-02-24,0,0,0
"2138",2025-02-24,1,0,0
"2139",2025-02-24,2,0,0
"2140",2025-02-24,3,0,0
"2141",2025-02-24,4,0,0
"2142",2025-02-24,5,0,0
"2143",2025-02-24,6,0,0
"2144",2025-02-24,7,0,0
"2145",2025-02-24,8,0,0
"2146",2025-02-24,9,0,1
"2147",2025-02-24,10,0,0
"2148",2025-02-24,11,0,0
"2149",2025-02-24,12,0,0
"2150",2025-02-24,13,0,0
"2151",2025-02-24,14,0,0
"2152",2025-02-24,15,0,0
"2153",2025-02-24,16,0,0
"2154",2025-02-24,17,0,0
"2155",2025-02-24,18,0,0
"2156",2025-02-24,19,0,0
"2157",2025-02-24,20,0,0
"2158",2025-02-24,21,0,0
"2159",2025-02-24,22,0,0
"2160",2025-02-24,23,0,0
"2161",2025-02-25,0,0,0
"2162",2025-02-25,1,0,0
"2163",2025-02-25,2,0,0
"2164",2025-02-25,3,0,0
"2165",2025-02-25,4,0,0
"2166",2025-02-25,5,0,0
"2167",2025-02-25,6,0,0
"2168",2025-02-25,7,0,0
"2169",2025-02-25,8,0,0
"2170",2025-02-25,9,0,0
"2171",2025-02-25,10,0,1
"2172",2025-02-25,11,0,0
"2173",2025-02-25,12,0,0
"2174",2025-02-25,13,0,0
"2175",2025-02-25,14,0,0
"2176",2025-02-25,15,0,0
"2177",2025-02-25,16,0,0
"2178",2025-02-25,17,0,0
"2179",2025-02-25,18,0,0
"2180",2025-02-25,19,0,0
"2181",2025-02-25,20,0,0
"2182",2025-02-25,21,0,0
"2183",2025-02-25,22,0,0
"2184",2025-02-25,23,0,0
