"PeakFreq","PeakLev","RMS","Filename","Distance","Calibration","FreqMin","FreqMax"
40,107.952730553172,126.611807474147,"8035.240429192700_sel01_244.6171185.wav",244.6171185,-176.6,40,1000
48,106.66873406519,126.653661607107,"8035.240429192700_sel02_249.96205.wav",249.96205,-176.6,40,1000
42,107.706058187919,126.939104730731,"8035.240429192700_sel03_257.1577989.wav",257.1577989,-176.6,40,1000
40,106.503908615018,125.685772201354,"8035.240429192700_sel04_259.8414819.wav",259.8414819,-176.6,40,1000
42,108.962950062893,128.157532462194,"8035.240429192700_sel05_293.6504024.wav",293.6504024,-176.6,40,1000
40,107.563724436956,126.492230611079,"8035.240429192700_sel06_308.0216121.wav",308.0216121,-176.6,40,1000
40,107.512787310515,126.284093650598,"8035.240429192700_sel07_307.3541904.wav",307.3541904,-176.6,40,1000
40,109.962663164331,127.037681749187,"8035.240429192700_sel08_297.6612202.wav",297.6612202,-176.6,40,1000
42,106.865129828115,126.475362062363,"8035.240429192700_sel09_264.3124198.wav",264.3124198,-176.6,40,1000
40,108.693365918846,126.829604105592,"8035.240429192700_sel10_252.3023133.wav",252.3023133,-176.6,40,1000
117,107.084316970553,121.275569920059,"8035.240429192700_sel100_208.8470187.wav",208.8470187,-176.6,40,1000
117,106.537230113416,119.305205460967,"8035.240429192700_sel101_374.5082888.wav",374.5082888,-176.6,40,1000
216,97.2512960251024,115.724480675788,"8035.240429192700_sel102_580.4459528.wav",580.4459528,-176.6,40,1000
156,94.8938849694511,114.37627349534,"8035.240429192700_sel103_672.7076591.wav",672.7076591,-176.6,40,1000
117,92.1170847809772,111.005751551736,"8035.240429192700_sel104_925.5376512.wav",925.5376512,-176.6,40,1000
152,88.472948065765,108.882790245159,"8035.240429192700_sel105_989.695816.wav",989.695816,-176.6,40,1000
151,94.2986809944271,110.37337510793,"8035.240429192700_sel106_1036.332171.wav",1036.332171,-176.6,40,1000
118,94.9346206919746,109.754601200483,"8035.240429192700_sel107_1130.514205.wav",1130.514205,-176.6,40,1000
162,93.3415752034841,109.365486168062,"8035.240429192700_sel108_1221.584731.wav",1221.584731,-176.6,40,1000
152,89.0682350079059,108.774588032912,"8035.240429192700_sel109_1280.803617.wav",1280.803617,-176.6,40,1000
43,107.892097731877,127.025010490244,"8035.240429192700_sel11_245.6180108.wav",245.6180108,-176.6,40,1000
172,86.6432076755249,108.599277114529,"8035.240429192700_sel110_1288.883438.wav",1288.883438,-176.6,40,1000
125,91.6486750659052,109.742053199056,"8035.240429192700_sel111_1260.329004.wav",1260.329004,-176.6,40,1000
126,94.7763193160443,110.47638736964,"8035.240429192700_sel112_1239.745257.wav",1239.745257,-176.6,40,1000
56,90.4246177162341,111.941878849147,"8035.240429192700_sel113_1201.860805.wav",1201.860805,-176.6,40,1000
57,95.0982445017111,111.161632316779,"8035.240429192700_sel114_1152.607605.wav",1152.607605,-176.6,40,1000
126,92.2140369174415,111.086057915745,"8035.240429192700_sel115_1133.197189.wav",1133.197189,-176.6,40,1000
57,94.1308364455094,112.584254310742,"8035.240429192700_sel116_1043.774847.wav",1043.774847,-176.6,40,1000
172,94.0971588771883,115.279311210616,"8035.240429192700_sel117_928.4249214.wav",928.4249214,-176.6,40,1000
57,94.2701187356337,115.73679340283,"8035.240429192700_sel118_814.8076572.wav",814.8076572,-176.6,40,1000
57,94.9352669231086,116.143449003513,"8035.240429192700_sel119_793.6286461.wav",793.6286461,-176.6,40,1000
42,108.324033972172,128.114044373376,"8035.240429192700_sel12_232.9269604.wav",232.9269604,-176.6,40,1000
61,95.371729823078,116.002543210528,"8035.240429192700_sel120_739.1725735.wav",739.1725735,-176.6,40,1000
123,100.168194739042,114.868031654008,"8035.240429192700_sel121_729.9457542.wav",729.9457542,-176.6,40,1000
61,97.9007578569471,114.666214617657,"8035.240429192700_sel122_732.7957234.wav",732.7957234,-176.6,40,1000
61,98.5318611165886,113.724559803475,"8035.240429192700_sel123_818.3244.wav",818.3244,-176.6,40,1000
61,95.5381822941973,112.789212296216,"8035.240429192700_sel124_853.3798861.wav",853.3798861,-176.6,40,1000
170,87.6782137526063,110.256718417434,"8035.240429192700_sel125_908.0445833.wav",908.0445833,-176.6,40,1000
129,95.7580807227226,113.461201521243,"8035.240429192700_sel126_949.2509936.wav",949.2509936,-176.6,40,1000
53,95.2583843303601,115.014820653513,"8035.240429192700_sel127_1019.205051.wav",1019.205051,-176.6,40,1000
121,98.5319897705884,114.125801462144,"8035.240429192700_sel128_999.6325295.wav",999.6325295,-176.6,40,1000
160,93.6365187226967,113.625421122388,"8035.240429192700_sel129_934.3757723.wav",934.3757723,-176.6,40,1000
40,105.560375734421,125.774606772056,"8035.240429192700_sel13_281.2226353.wav",281.2226353,-176.6,40,1000
121,93.0058060655493,115.121081364162,"8035.240429192700_sel130_814.0831618.wav",814.0831618,-176.6,40,1000
160,95.6874468881025,115.475092733757,"8035.240429192700_sel131_726.779217.wav",726.779217,-176.6,40,1000
53,94.52006686676,116.232774549312,"8035.240429192700_sel132_682.0391049.wav",682.0391049,-176.6,40,1000
270,95.2222528277628,116.570735625434,"8035.240429192700_sel133_619.5404844.wav",619.5404844,-176.6,40,1000
121,96.9026393725314,117.961728843944,"8035.240429192700_sel134_479.0593009.wav",479.0593009,-176.6,40,1000
121,104.57939673585,120.311341668394,"8035.240429192700_sel135_310.406718.wav",310.406718,-176.6,40,1000
121,104.252840664003,121.406703957877,"8035.240429192700_sel136_214.9662317.wav",214.9662317,-176.6,40,1000
121,108.053428454499,121.390375828362,"8035.240429192700_sel137_166.9961547.wav",166.9961547,-176.6,40,1000
120,103.505241794002,117.958633339325,"8035.240429192700_sel138_390.5684259.wav",390.5684259,-176.6,40,1000
120,96.8804459286975,115.141739232751,"8035.240429192700_sel139_526.4602623.wav",526.4602623,-176.6,40,1000
45,108.925748982317,127.389622181746,"8035.240429192700_sel14_286.3156917.wav",286.3156917,-176.6,40,1000
120,95.3410373652735,113.986774144417,"8035.240429192700_sel140_613.6801282.wav",613.6801282,-176.6,40,1000
120,95.2157029172612,112.089963086632,"8035.240429192700_sel141_727.7466177.wav",727.7466177,-176.6,40,1000
120,92.0237206754082,110.857148708434,"8035.240429192700_sel142_873.6097193.wav",873.6097193,-176.6,40,1000
120,94.3028137290817,111.363924868816,"8035.240429192700_sel143_920.8146317.wav",920.8146317,-176.6,40,1000
120,90.9121787686364,109.555727675388,"8035.240429192700_sel144_1096.922686.wav",1096.922686,-176.6,40,1000
196,84.0440559570721,105.328108529519,"8035.240429192700_sel145_1137.280683.wav",1137.280683,-176.6,40,1000
100,77.4130924809672,100.303327059685,"8035.240429192700_sel146_1227.357663.wav",1227.357663,-176.6,40,1000
40,105.61014584998,125.420189313489,"8035.240429192700_sel15_311.6629145.wav",311.6629145,-176.6,40,1000
40,105.104470925483,124.545973495411,"8035.240429192700_sel16_306.5723189.wav",306.5723189,-176.6,40,1000
41,110.602528670481,125.983950577239,"8035.240429192700_sel17_277.9819339.wav",277.9819339,-176.6,40,1000
46,105.532352615287,125.14582596429,"8035.240429192700_sel18_254.3486181.wav",254.3486181,-176.6,40,1000
41,106.264521949903,124.358686712979,"8035.240429192700_sel19_245.6161462.wav",245.6161462,-176.6,40,1000
40,106.489888131366,125.403888528983,"8035.240429192700_sel20_271.0693197.wav",271.0693197,-176.6,40,1000
40,108.175742139135,124.793562665914,"8035.240429192700_sel21_321.950803.wav",321.950803,-176.6,40,1000
43,107.916268662359,125.540007430047,"8035.240429192700_sel22_336.3420918.wav",336.3420918,-176.6,40,1000
43,108.023958233993,127.07651979961,"8035.240429192700_sel23_357.4478569.wav",357.4478569,-176.6,40,1000
40,111.218699922019,131.487932573631,"8035.240429192700_sel24_378.6150342.wav",378.6150342,-176.6,40,1000
149,98.386181023448,118.230649883071,"8035.240429192700_sel25_405.6414773.wav",405.6414773,-176.6,40,1000
187,99.2702244929198,117.477512671661,"8035.240429192700_sel26_425.8660761.wav",425.8660761,-176.6,40,1000
121,99.6370856447312,116.192729442194,"8035.240429192700_sel27_436.0570154.wav",436.0570154,-176.6,40,1000
208,93.4145233514707,115.119809797248,"8035.240429192700_sel28_460.1113283.wav",460.1113283,-176.6,40,1000
131,97.29847309833,115.852761240108,"8035.240429192700_sel29_484.8447319.wav",484.8447319,-176.6,40,1000
186,104.418630325918,117.291803008457,"8035.240429192700_sel30_538.0429404.wav",538.0429404,-176.6,40,1000
119,94.3737063519022,115.491064984677,"8035.240429192700_sel31_559.2430838.wav",559.2430838,-176.6,40,1000
122,95.8210175339264,115.695343978475,"8035.240429192700_sel32_562.8771083.wav",562.8771083,-176.6,40,1000
162,94.3757079693546,115.198431636076,"8035.240429192700_sel33_585.9403987.wav",585.9403987,-176.6,40,1000
162,96.8990281211583,116.163536874668,"8035.240429192700_sel34_541.5887848.wav",541.5887848,-176.6,40,1000
270,96.424226462793,117.32281719233,"8035.240429192700_sel35_499.5811081.wav",499.5811081,-176.6,40,1000
215,98.1006225976378,117.234382696063,"8035.240429192700_sel36_489.3258963.wav",489.3258963,-176.6,40,1000
224,97.7853745990754,117.264746846168,"8035.240429192700_sel37_538.2699478.wav",538.2699478,-176.6,40,1000
53,99.1694886337671,117.320632131834,"8035.240429192700_sel38_556.481448.wav",556.481448,-176.6,40,1000
123,96.8975861484591,116.776090115114,"8035.240429192700_sel39_551.1619362.wav",551.1619362,-176.6,40,1000
121,98.5192949246727,117.241178877407,"8035.240429192700_sel40_531.2639985.wav",531.2639985,-176.6,40,1000
216,98.2002498457163,118.139448240478,"8035.240429192700_sel41_479.5903973.wav",479.5903973,-176.6,40,1000
53,102.642085006374,118.173118625762,"8035.240429192700_sel42_455.652151.wav",455.652151,-176.6,40,1000
162,99.4556138815963,117.682857552839,"8035.240429192700_sel43_418.2303646.wav",418.2303646,-176.6,40,1000
159,98.7849105987079,117.578758188567,"8035.240429192700_sel44_439.4285107.wav",439.4285107,-176.6,40,1000
161,98.3074230063135,116.62552754243,"8035.240429192700_sel45_485.554365.wav",485.554365,-176.6,40,1000
121,98.1817297790315,115.442715941746,"8035.240429192700_sel46_542.1739859.wav",542.1739859,-176.6,40,1000
119,94.8256836774563,114.196491986772,"8035.240429192700_sel47_601.5358123.wav",601.5358123,-176.6,40,1000
268,92.7367484513906,113.730648052945,"8035.240429192700_sel48_603.1099119.wav",603.1099119,-176.6,40,1000
162,93.8250910794623,114.671136795467,"8035.240429192700_sel49_544.693644.wav",544.693644,-176.6,40,1000
215,96.6339994157632,116.487855684301,"8035.240429192700_sel50_464.1459939.wav",464.1459939,-176.6,40,1000
54,98.726786873358,117.463659935627,"8035.240429192700_sel51_469.5813609.wav",469.5813609,-176.6,40,1000
53,103.192712428283,118.829670838667,"8035.240429192700_sel52_472.3940111.wav",472.3940111,-176.6,40,1000
53,103.461751945241,119.443507861049,"8035.240429192700_sel53_477.8528391.wav",477.8528391,-176.6,40,1000
211,103.183415449769,119.029975082686,"8035.240429192700_sel54_489.5033947.wav",489.5033947,-176.6,40,1000
54,101.235814174188,116.570744297337,"8035.240429192700_sel55_543.6789712.wav",543.6789712,-176.6,40,1000
54,101.071783021532,116.395729587847,"8035.240429192700_sel56_551.1076781.wav",551.1076781,-176.6,40,1000
54,99.2746234862686,115.291679400529,"8035.240429192700_sel57_587.1894702.wav",587.1894702,-176.6,40,1000
54,100.150049264873,115.530180894739,"8035.240429192700_sel58_599.5832564.wav",599.5832564,-176.6,40,1000
119,94.8210200539005,114.309597180366,"8035.240429192700_sel59_622.6491993.wav",622.6491993,-176.6,40,1000
121,96.2497130836113,113.677099514637,"8035.240429192700_sel60_646.2796052.wav",646.2796052,-176.6,40,1000
119,95.4198811102197,113.564490383294,"8035.240429192700_sel61_653.5010144.wav",653.5010144,-176.6,40,1000
162,92.7443399780307,113.091748337917,"8035.240429192700_sel62_667.5382634.wav",667.5382634,-176.6,40,1000
119,94.9336049949052,113.211497563138,"8035.240429192700_sel63_683.4545391.wav",683.4545391,-176.6,40,1000
121,93.3040799028876,113.383393381678,"8035.240429192700_sel64_706.7247538.wav",706.7247538,-176.6,40,1000
53,98.1886505772798,115.72460151684,"8035.240429192700_sel65_740.7875012.wav",740.7875012,-176.6,40,1000
54,103.323267268974,117.144965569322,"8035.240429192700_sel66_762.5231124.wav",762.5231124,-176.6,40,1000
121,94.2772446839593,112.598942297179,"8035.240429192700_sel67_807.9773926.wav",807.9773926,-176.6,40,1000
162,94.2606406868986,114.309425354052,"8035.240429192700_sel68_848.0872516.wav",848.0872516,-176.6,40,1000
95,89.6991468943519,111.967566626962,"8035.240429192700_sel69_864.0477358.wav",864.0477358,-176.6,40,1000
119,94.0226527725959,112.370066179385,"8035.240429192700_sel70_928.1249236.wav",928.1249236,-176.6,40,1000
159,91.3962582196508,111.746007877612,"8035.240429192700_sel71_973.6492878.wav",973.6492878,-176.6,40,1000
159,91.477527261706,111.307857852845,"8035.240429192700_sel72_987.7396906.wav",987.7396906,-176.6,40,1000
162,90.2328775787406,112.914217128123,"8035.240429192700_sel73_940.7163176.wav",940.7163176,-176.6,40,1000
119,97.0787979639039,113.963066576015,"8035.240429192700_sel74_837.9611967.wav",837.9611967,-176.6,40,1000
53,90.8265639099069,112.712729727999,"8035.240429192700_sel75_859.9677286.wav",859.9677286,-176.6,40,1000
119,92.2859375824116,111.958977411817,"8035.240429192700_sel76_900.5128602.wav",900.5128602,-176.6,40,1000
162,92.1408405796068,113.155207868383,"8035.240429192700_sel77_899.322194.wav",899.322194,-176.6,40,1000
270,92.8338948126876,112.435615714865,"8035.240429192700_sel78_868.3619517.wav",868.3619517,-176.6,40,1000
119,93.3520885593308,112.871007604964,"8035.240429192700_sel79_827.5139648.wav",827.5139648,-176.6,40,1000
119,96.3094544960581,112.539536443103,"8035.240429192700_sel80_882.2852303.wav",882.2852303,-176.6,40,1000
161,92.6503385755745,111.769919936236,"8035.240429192700_sel81_957.7557351.wav",957.7557351,-176.6,40,1000
161,89.4825946502503,110.997610445111,"8035.240429192700_sel82_1036.665029.wav",1036.665029,-176.6,40,1000
223,90.1112070281262,111.329007091847,"8035.240429192700_sel83_1045.071098.wav",1045.071098,-176.6,40,1000
163,93.6958131741785,112.231329155718,"8035.240429192700_sel84_864.4164314.wav",864.4164314,-176.6,40,1000
162,94.1005671093506,112.960570202731,"8035.240429192700_sel85_825.7827627.wav",825.7827627,-176.6,40,1000
54,97.8904866548013,114.701452099615,"8035.240429192700_sel86_780.3928251.wav",780.3928251,-176.6,40,1000
54,93.9335854478463,117.208176083241,"8035.240429192700_sel87_744.935538.wav",744.935538,-176.6,40,1000
54,102.169044838127,117.496641054501,"8035.240429192700_sel88_732.0350034.wav",732.0350034,-176.6,40,1000
119,95.7999574120685,115.362080488892,"8035.240429192700_sel89_682.3479999.wav",682.3479999,-176.6,40,1000
119,100.057872947528,116.097953626203,"8035.240429192700_sel90_541.1091817.wav",541.1091817,-176.6,40,1000
120,97.4414845524715,116.093776901532,"8035.240429192700_sel91_524.9199732.wav",524.9199732,-176.6,40,1000
53,99.2527382832311,117.036447835182,"8035.240429192700_sel92_433.7802557.wav",433.7802557,-176.6,40,1000
119,104.947054455647,119.29307101623,"8035.240429192700_sel93_272.943461.wav",272.943461,-176.6,40,1000
119,104.705327799684,119.43242657425,"8035.240429192700_sel94_257.2819872.wav",257.2819872,-176.6,40,1000
163,103.494394746768,120.376252033622,"8035.240429192700_sel95_218.5589566.wav",218.5589566,-176.6,40,1000
117,103.084399293231,121.26334292444,"8035.240429192700_sel96_113.4870464.wav",113.4870464,-176.6,40,1000
117,105.555143542275,121.810935549959,"8035.240429192700_sel97_67.14797599.wav",67.14797599,-176.6,40,1000
117,106.882735046798,122.445637624736,"8035.240429192700_sel98_46.45770766.wav",46.45770766,-176.6,40,1000
117,107.650193647241,122.191155671315,"8035.240429192700_sel99_115.0749628.wav",115.0749628,-176.6,40,1000
