"","Selection","View","Channel","Begin_Time","End_Time","Low_Freq","High_Freq","Begin_Date","Begin_Clock","End_Clock","Delta_Time_s","Behavior","Partial","Notes","Begin_file_date","Dep","Site_ID","DeltaHours","Hr_time","Hr_local","Begin_Hour_loc","Begin_Date_loc","Weekday"
"1",1,"Spectrogram 1",1,24632.615577889,28940.133165829,14.9,6623.5,2024-12-03,10:44:40,11:56:27,4307.5176,"Transit",NA,NA,"2024/12/3","202411","BRE",1.19653266666667,2024-12-03 10:44:40,2024-12-03 18:44:40,18,2024-12-03,"Tuesday"
"2",2,"Spectrogram 1",1,45501.967336683,49833.025125628,13.2,16286.9,2024-12-03,16:32:30,17:44:41,4331.0578,"Transit",NA,NA,"2024/12/3","202411","BRE",1.20307161111111,2024-12-03 16:32:30,2024-12-04 00:32:30,0,2024-12-04,"Wednesday"
"3",1,"Spectrogram 1",1,22458.610552764,25417.688442211,8.1,24000,2024-12-14,10:07:34,10:56:53,2959.0779,"Transit",NA,NA,"2024/12/14","202411","BRE",0.821966083333333,2024-12-14 10:07:34,2024-12-14 18:07:34,18,2024-12-14,"Saturday"
"4",1,"Spectrogram 1",1,58929.301507538,64702.190954774,28.7,22764.2,2024-12-28,20:47:49,22:24:02,5772.8894,"Maneuver",NA,NA,"2024/12/28","202411","BRE",1.60358038888889,2024-12-28 20:47:49,2024-12-29 04:47:49,4,2024-12-29,"Sunday"
"5",1,"Spectrogram 1",1,60608.924623116,65071.680904523,18.6,15043.9,2025-01-03,21:15:25,22:29:48,4462.7563,"Maneuver",NA,NA,"2025/1/3","202411","BRE",1.23965452777778,2025-01-03 21:15:25,2025-01-04 05:15:25,5,2025-01-04,"Saturday"
"6",2,"Spectrogram 1",1,76183.826633166,79742.874371859,24.9,8028,2025-01-04,01:35:00,02:34:19,3559.0477,"Maneuver",NA,NA,"2025/1/3","202411","BRE",0.988624361111111,2025-01-04 01:35:00,2025-01-04 09:35:00,9,2025-01-04,"Saturday"
"7",1,"Spectrogram 1",1,23878.748743719,33016.771356784,19.6,10691.6,2025-01-04,11:03:08,13:35:26,9138.0226,"Maneuver",NA,NA,"2025/1/4","202411","BRE",2.53833961111111,2025-01-04 11:03:08,2025-01-04 19:03:08,19,2025-01-04,"Saturday"
"8",1,"Spectrogram 1",1,60430.138190955,64940.947236181,67.9,7817.5,2025-01-08,21:12:03,22:27:14,4510.809,"Maneuver",NA,NA,"2025/1/8","202411","BRE",1.2530025,2025-01-08 21:12:03,2025-01-09 05:12:03,5,2025-01-09,"Thursday"
"9",2,"Spectrogram 1",1,68127.91959799,69130.447236181,15.6,22909.7,2025-01-08,23:20:21,23:37:03,1002.5276,"Maneuver",NA,"CPA","2025/1/8","202411","BRE",0.278479888888889,2025-01-08 23:20:21,2025-01-09 07:20:21,7,2025-01-09,"Thursday"
"10",3,"Spectrogram 1",1,70753.72361809,71710.120603015,17,9256.2,2025-01-09,00:04:06,00:20:03,956.397,"Maneuver",NA,NA,"2025/1/8","202411","BRE",0.265665833333333,2025-01-09 00:04:06,2025-01-09 08:04:06,8,2025-01-09,"Thursday"
"11",4,"Spectrogram 1",1,72502.575376884,73626.060301508,132.3,794,2025-01-09,00:33:15,00:51:59,1123.4849,"Maneuver",NA,"LTSA","2025/1/8","202411","BRE",0.312079138888889,2025-01-09 00:33:15,2025-01-09 08:33:15,8,2025-01-09,"Thursday"
"12",5,"Spectrogram 1",1,73857.923381805,76117.104286327,57.6,7907.9,2025-01-09,00:55:51,01:33:30,2259.1809,"Maneuver",NA,"LTSA","2025/1/8","202411","BRE",0.62755025,2025-01-09 00:55:51,2025-01-09 08:55:51,8,2025-01-09,"Thursday"
"13",6,"Spectrogram 1",1,76711.374371859,80673.036442839,27.1,8577.6,2025-01-09,01:43:24,02:49:26,3961.6621,"Maneuver",NA,"LTSA","2025/1/8","202411","BRE",1.10046169444444,2025-01-09 01:43:24,2025-01-09 09:43:24,9,2025-01-09,"Thursday"
"14",7,"Spectrogram 1",1,81143.207297111,81282.141970477,24,5758.2,2025-01-09,02:57:16,02:59:35,138.9347,"Maneuver",NA,"LTSA","2025/1/8","202411","BRE",0.0385929722222222,2025-01-09 02:57:16,2025-01-09 10:57:16,10,2025-01-09,"Thursday"
"15",8,"Spectrogram 1",1,81622.920876989,84433.114344326,23.8,4318.6,2025-01-09,03:05:16,03:52:06,2810.1935,"Maneuver",NA,"LTSA","2025/1/8","202411","BRE",0.780609305555556,2025-01-09 03:05:16,2025-01-09 11:05:16,11,2025-01-09,"Thursday"
"16",9,"Spectrogram 1",1,84703.914572864,85431.512562814,19.2,8496.1,2025-01-09,03:56:36,04:08:44,727.598,"Maneuver",NA,NA,"2025/1/8","202411","BRE",0.202110555555556,2025-01-09 03:56:36,2025-01-09 11:56:36,11,2025-01-09,"Thursday"
"17",1,"Spectrogram 1",1,0,5023.492462312,16.9,16949.8,2025-01-09,04:24:50,05:48:33,5023.4925,"Maneuver",NA,NA,"2025/1/9","202411","BRE",1.39541458333333,2025-01-09 04:24:50,2025-01-09 12:24:50,12,2025-01-09,"Thursday"
"18",1,"Spectrogram 1",1,38762.14824,68345.57035,265,650.9,2024-12-06,14:42:13,22:55:17,29583.4221,"Transit",NA,NA,"12/6/2024","202411","BRW",8.21761725,2024-12-06 14:42:13,2024-12-06 22:42:13,22,2024-12-06,"Friday"
"19",1,"Spectrogram 1",1,44143.41709,45696.16583,16.3,2150.6,2024-12-12,16:11:27,16:37:20,1552.7487,"Transit",NA,NA,"12/12/2024","202411","BRW",0.431319083333333,2024-12-12 16:11:27,2024-12-13 00:11:27,0,2024-12-13,"Friday"
"20",2,"Spectrogram 1",1,78103.8794,84917.96482,28.5,22288.5,2024-12-13,01:37:28,03:31:02,6814.0854,"Maneuver",NA,NA,"12/12/2024","202411","BRW",1.8928015,2024-12-13 01:37:28,2024-12-13 09:37:28,9,2024-12-13,"Friday"
"21",1,"Spectrogram 1",1,15554.73618,16812.53518,51.2,5560.3,2024-12-13,08:14:54,08:35:52,1257.799,"Transit",NA,NA,"12/13/2024","202411","BRW",0.349388611111111,2024-12-13 08:14:54,2024-12-13 16:14:54,16,2024-12-13,"Friday"
"22",2,"Spectrogram 1",1,26111.30653,27651.61809,45.7,6961.2,2024-12-13,11:10:50,11:36:32,1540.3116,"Maneuver",NA,NA,"12/13/2024","202411","BRW",0.427864333333333,2024-12-13 11:10:50,2024-12-13 19:10:50,19,2024-12-13,"Friday"
"23",3,"Spectrogram 1",1,28567.1809,31137.83417,35,2747.8,2024-12-13,11:51:46,12:34:38,2570.6533,"Maneuver",NA,NA,"12/13/2024","202411","BRW",0.714070361111111,2024-12-13 11:51:46,2024-12-13 19:51:46,19,2024-12-13,"Friday"
"24",4,"Spectrogram 1",1,78400.00251,79325.81658,773.4,1645.9,2024-12-14,01:42:19,01:57:46,925.8141,"Transit",NA,NA,"12/13/2024","202411","BRW",0.257170583333333,2024-12-14 01:42:19,2024-12-14 09:42:19,9,2024-12-14,"Saturday"
"25",5,"Spectrogram 1",1,79648.57286,82470.07286,19,1147.6,2024-12-14,02:03:08,02:50:09,2821.5,"Transit",NA,NA,"12/13/2024","202411","BRW",0.78375,2024-12-14 02:03:08,2024-12-14 10:03:08,10,2024-12-14,"Saturday"
"26",1,"Spectrogram 1",1,57754.78392,66227.27387,13.1,743.1,2024-12-16,19:57:59,22:19:11,8472.4899,"Transit",NA,NA,"12/16/2024","202411","BRW",2.35346941666667,2024-12-16 19:57:59,2024-12-17 03:57:59,3,2024-12-17,"Tuesday"
"27",1,"Spectrogram 1",1,79381.33417,80167.04774,39.1,17933.7,2024-12-29,00:10:40,00:23:46,785.7136,"Maneuver",NA,NA,"12/29/2024","202411","BRW",0.218253777777778,2024-12-29 00:10:40,2024-12-29 08:10:40,8,2024-12-29,"Sunday"
"28",1,"Spectrogram 1",1,1622.434673,3033.422111,26.2,8212.4,2024-12-29,02:34:38,02:58:09,1410.9874,"Maneuver",NA,NA,"12/29/2024","202411","BRW",0.391940944444444,2024-12-29 02:34:38,2024-12-29 10:34:38,10,2024-12-29,"Sunday"
"29",1,"Spectrogram 1",1,16849.17588,23996.51005,27.8,2188,2024-12-31,06:48:14,08:47:22,7147.3342,"Transit",NA,NA,"12/31/2024","202411","BRW",1.98537061111111,2024-12-31 06:48:14,2024-12-31 14:48:14,14,2024-12-31,"Tuesday"
"30",1,"Spectrogram 1",1,16911.58794,27303.89698,24.7,1185.6,2025-01-02,06:49:06,09:42:22,10392.309,"Transit",NA,NA,"1/2/2025","202411","BRW",2.8867525,2025-01-02 06:49:06,2025-01-02 14:49:06,14,2025-01-02,"Thursday"
"31",1,"Spectrogram 1",1,83510.21608,86389.01149,20.7,21998.9,2025-01-05,01:18:56,02:06:54,2878.7954,"Maneuver",NA,NA,"1/5/2025","202411","BRW",0.799665388888889,2025-01-05 01:18:56,2025-01-05 09:18:56,9,2025-01-05,"Sunday"
"32",1,"Spectrogram 1",1,24394.57538,29010.3995,52.3,745,2025-01-07,08:53:20,10:10:15,4615.8241,"Transit",NA,NA,"1/7/2025","202411","BRW",1.28217336111111,2025-01-07 08:53:20,2025-01-07 16:53:20,16,2025-01-07,"Tuesday"
"33",1,"Spectrogram 1",1,72150.43719,72760.41333,20.4,7326.5,2025-01-08,22:09:11,22:19:21,609.9761,"Maneuver",NA,NA,"1/8/2025","202411","BRW",0.169437805555556,2025-01-08 22:09:11,2025-01-09 06:09:11,6,2025-01-09,"Thursday"
"34",2,"Spectrogram 1",1,76863.19095,77961.34925,25.5,18760,2025-01-08,23:27:44,23:46:02,1098.1583,"Maneuver",NA,NA,"1/8/2025","202411","BRW",0.305043972222222,2025-01-08 23:27:44,2025-01-09 07:27:44,7,2025-01-09,"Thursday"
"35",3,"Spectrogram 1",1,79505.0201,80537.51005,32.5,16739.7,2025-01-09,00:11:46,00:28:59,1032.4899,"Maneuver",NA,NA,"1/8/2025","202411","BRW",0.28680275,2025-01-09 00:11:46,2025-01-09 08:11:46,8,2025-01-09,"Thursday"
"36",4,"Spectrogram 1",1,80667.62563,84703.0402,25.3,9033.6,2025-01-09,00:31:10,01:38:24,4035.4146,"Transit",NA,NA,"1/8/2025","202411","BRW",1.1209485,2025-01-09 00:31:10,2025-01-09 08:31:10,8,2025-01-09,"Thursday"
"37",5,"Spectrogram 1",1,84587.96231,86719.85165,10.2,5863.4,2025-01-09,01:36:30,02:12:01,2131.8893,"Maneuver","yes",NA,"1/8/2025","202411","BRW",0.592191472222222,2025-01-09 01:36:30,2025-01-09 09:36:30,9,2025-01-09,"Thursday"
"38",2,"Spectrogram 1",1,1176.761307,4041.904523,26.8,1264.6,2025-01-09,02:26:13,03:13:58,2865.1432,"Maneuver",NA,"LTSA","1/9/2025","202411","BRW",0.795873111111111,2025-01-09 02:26:13,2025-01-09 10:26:13,10,2025-01-09,"Thursday"
"39",3,"Spectrogram 1",1,7934.641962,8947.910806,38,5286.5,2025-01-09,04:18:51,04:35:44,1013.2688,"Maneuver",NA,"LTSA","1/9/2025","202411","BRW",0.281463555555556,2025-01-09 04:18:51,2025-01-09 12:18:51,12,2025-01-09,"Thursday"
"40",1,"Spectrogram 1",1,72316.0738,73176.38787,26.4,4555.4,2025-01-11,22:11:44,22:26:04,860.3141,"Maneuver",NA,"LTSA","1/11/2025","202411","BRW",0.238976138888889,2025-01-11 22:11:44,2025-01-12 06:11:44,6,2025-01-12,"Sunday"
"41",2,"Spectrogram 1",1,75926.28896,76065.78896,27.5,4120.9,2025-01-11,23:11:54,23:14:15,139.5,"Maneuver",NA,"LTSA","1/11/2025","202411","BRW",0.03875,2025-01-11 23:11:54,2025-01-12 07:11:54,7,2025-01-12,"Sunday"
"42",3,"Spectrogram 1",1,83810.80906,85720.82757,96,881.3,2025-01-12,01:23:20,01:55:10,1910.0185,"Maneuver",NA,"LTSA","1/11/2025","202411","BRW",0.530560694444444,2025-01-12 01:23:20,2025-01-12 09:23:20,9,2025-01-12,"Sunday"
"43",1,"Spectrogram 1",1,5036.246231,6750.316583,70.4,1412.1,2025-01-12,03:30:19,03:58:53,1714.0704,"Maneuver",NA,"LTSA","1/12/2025","202411","BRW",0.476130666666667,2025-01-12 03:30:19,2025-01-12 11:30:19,11,2025-01-12,"Sunday"
"44",2,"Spectrogram 1",1,38593.7896,70201.19095,46.8,680.7,2025-01-12,12:49:37,21:36:23,31607.4014,"Transit",NA,"very faint at points but there is a consistent band ~660 hz throughout","1/12/2025","202411","BRW",8.77983372222222,2025-01-12 12:49:37,2025-01-12 20:49:37,20,2025-01-12,"Sunday"
"45",3,"Spectrogram 1",1,84118.46482,88064.23259,26.9,10867.9,2025-01-13,01:28:21,02:34:08,3945.7678,"Transit","yes",NA,"1/12/2025","202411","BRW",1.09604661111111,2025-01-13 01:28:21,2025-01-13 09:28:21,9,2025-01-13,"Monday"
"46",2,"Spectrogram 1",1,3242.673367,60446.37186,48.878,10981.336,2025-01-13,03:00:21,18:53:43,57203.6985,"Maneuver",NA,"highest freq ~ 04:28:30, consisent band at 230 hz throughout, M at start","1/13/2025","202411","BRW",15.88991625,2025-01-13 03:00:21,2025-01-13 11:00:21,11,2025-01-13,"Monday"
"47",3,"Spectrogram 1",1,26165.94221,29728.13065,18.329,23070.581,2025-01-13,09:22:24,10:21:45,3562.1884,"Transit",NA,NA,"1/13/2025","202411","BRW",0.989496777777778,2025-01-13 09:22:24,2025-01-13 17:22:24,17,2025-01-13,"Monday"
"48",1,"Spectrogram 1",1,54271.03266,56701.16068,77.6,695.1,2025-01-14,17:10:45,17:51:15,2430.128,"Transit",NA,NA,"1/14/2025","202411","BRW",0.675035555555556,2025-01-14 17:10:45,2025-01-15 01:10:45,1,2025-01-15,"Wednesday"
"49",2,"Spectrogram 1",1,85975.35887,86734.61513,85.895,6197.7,2025-01-15,01:59:09,02:11:48,759.2562,"Maneuver","yes","LTSA, no soundclip","1/14/2025","202411","BRW",0.2109045,2025-01-15 01:59:09,2025-01-15 09:59:09,9,2025-01-15,"Wednesday"
"50",2,"Spectrogram 1",1,7050.400768,7958.575377,166.3,7313,2025-01-15,04:03:39,04:18:48,908.1746,"Maneuver",NA,NA,"1/15/2025","202411","BRW",0.252270722222222,2025-01-15 04:03:39,2025-01-15 12:03:39,12,2025-01-15,"Wednesday"
"51",3,"Spectrogram 1",1,8854.985571,9144.726777,73.9,10076,2025-01-15,04:33:44,04:38:34,289.7412,"Maneuver",NA,NA,"1/15/2025","202411","BRW",0.0804836666666667,2025-01-15 04:33:44,2025-01-15 12:33:44,12,2025-01-15,"Wednesday"
"52",4,"Spectrogram 1",1,10033.58543,10293.92965,85.6,6291.4,2025-01-15,04:53:23,04:57:43,260.3442,"Maneuver",NA,NA,"1/15/2025","202411","BRW",0.0723178333333333,2025-01-15 04:53:23,2025-01-15 12:53:23,12,2025-01-15,"Wednesday"
"53",5,"Spectrogram 1",1,11139.86558,11368.04271,142.6,6076.3,2025-01-15,05:11:49,05:15:37,228.1771,"Maneuver",NA,NA,"1/15/2025","202411","BRW",0.0633825277777778,2025-01-15 05:11:49,2025-01-15 13:11:49,13,2025-01-15,"Wednesday"
"54",6,"Spectrogram 1",1,12204.61055,12527.27638,85.6,12053.2,2025-01-15,05:29:34,05:34:56,322.6658,"Maneuver",NA,NA,"1/15/2025","202411","BRW",0.0896293888888889,2025-01-15 05:29:34,2025-01-15 13:29:34,13,2025-01-15,"Wednesday"
"55",7,"Spectrogram 1",1,13722.67337,15513.94472,117.6,5646.4,2025-01-15,05:54:52,06:24:43,1791.2714,"Maneuver",NA,"LTSA","1/15/2025","202411","BRW",0.497575388888889,2025-01-15 05:54:52,2025-01-15 13:54:52,13,2025-01-15,"Wednesday"
"56",1,"Spectrogram 1",1,54924.36181,60567.75126,31,5807,2025-01-18,17:21:21,18:55:25,5643.3894,"Transit",NA,NA,"1/18/2025","202411","BRW",1.56760816666667,2025-01-18 17:21:21,2025-01-19 01:21:21,1,2025-01-19,"Sunday"
"57",1,"Spectrogram 1",1,523.4170854,5648.080402,27.1,3682.6,2025-01-23,02:14:19,03:39:44,5124.6633,"Maneuver",NA,NA,"1/23/2025","202411","BRW",1.42351758333333,2025-01-23 02:14:19,2025-01-23 10:14:19,10,2025-01-23,"Thursday"
"58",2,"Spectrogram 1",1,10152.84925,11097.14824,32,19891.5,2025-01-23,04:54:49,05:10:33,944.299,"Transit",NA,NA,"1/23/2025","202411","BRW",0.262305277777778,2025-01-23 04:54:49,2025-01-23 12:54:49,12,2025-01-23,"Thursday"
"59",1,"Spectrogram 1",1,63790.22864,72852.39196,25.1,3658.8,2025-01-25,19:48:38,22:19:40,9062.1633,"Transit",NA,NA,"1/25/2025","202411","BRW",2.51726758333333,2025-01-25 19:48:38,2025-01-26 03:48:38,3,2025-01-26,"Sunday"
"60",1,"Spectrogram 1",1,15139.13065,16241.0201,32,17550.3,2025-01-26,06:17:43,06:36:05,1101.8894,"Transit",NA,NA,"1/26/2025","202411","BRW",0.306080388888889,2025-01-26 06:17:43,2025-01-26 14:17:43,14,2025-01-26,"Sunday"
"61",1,"Spectrogram 1",1,14834.4196,16200.06784,37,22304.5,2025-01-29,06:12:25,06:35:11,1365.6482,"Transit",NA,NA,"1/29/2025","202411","BRW",0.379346722222222,2025-01-29 06:12:25,2025-01-29 14:12:25,14,2025-01-29,"Wednesday"
"62",2,"Spectrogram 1",1,50516.30402,56113.3995,19.3,1247.6,2025-01-29,16:07:07,17:40:24,5597.0955,"Transit",NA,NA,"1/29/2025","202411","BRW",1.55474875,2025-01-29 16:07:07,2025-01-30 00:07:07,0,2025-01-30,"Thursday"
"63",1,"Spectrogram 1",1,1647.81407,5007.414573,50.5,21299.8,2025-02-10,02:31:33,03:27:32,3359.6005,"Maneuver",NA,NA,"2/10/2025","202411","BRW",0.933222361111111,2025-02-10 02:31:33,2025-02-10 10:31:33,10,2025-02-10,"Monday"
"64",1,"Spectrogram 1",1,53750.9397,56312.77387,18.6,6855.2,2025-02-13,16:59:42,17:42:24,2561.8342,"Transit",NA,NA,"2/13/2025","202411","BRW",0.711620611111111,2025-02-13 16:59:42,2025-02-14 00:59:42,0,2025-02-14,"Friday"
"65",1,"Spectrogram 1",1,39457.76382,41249.6005,178.9,1120.7,2025-02-22,13:00:42,13:30:34,1791.8367,"Transit",NA,NA,"2/22/2025","202411","BRW",0.497732416666667,2025-02-22 13:00:42,2025-02-22 21:00:42,21,2025-02-22,"Saturday"
"66",1,"Spectrogram 1",1,28369.16834,35466.88945,15.9,804.1,2025-02-24,09:55:40,11:53:58,7097.7211,"Transit",NA,NA,"2/24/2025","202411","BRW",1.97158919444444,2025-02-24 09:55:40,2025-02-24 17:55:40,17,2025-02-24,"Monday"
"67",1,"Spectrogram 1",1,29737.53769,40420.60804,15.6,1216.5,2025-02-25,10:18:22,13:16:25,10683.0704,"Transit",NA,NA,"2/25/2025","202411","BRW",2.96751955555556,2025-02-25 10:18:22,2025-02-25 18:18:22,18,2025-02-25,"Tuesday"
