"","Site_ID","Dep","Begin_Date_loc","Behav","N_ves"
"1","CEC","PARKSAUSTRALIA_CEMP_202404_CEC",2024-04-29,"Transit",0
"2","CEC","PARKSAUSTRALIA_CEMP_202404_CEC",2024-04-29,"Maneuver",0
"3","CEC","PARKSAUSTRALIA_CEMP_202404_CEC",2024-04-29,"Total",0
"4","CEC","PARKSAUSTRALIA_CEMP_202404_CEC",2024-04-30,"Transit",0
"5","CEC","PARKSAUSTRALIA_CEMP_202404_CEC",2024-04-30,"Maneuver",0
"6","CEC","PARKSAUSTRALIA_CEMP_202404_CEC",2024-04-30,"Total",0
"7","CEC","PARKSAUSTRALIA_CEMP_202404_CEC",2024-05-01,"Transit",1
"8","CEC","PARKSAUSTRALIA_CEMP_202404_CEC",2024-05-01,"Maneuver",0
"9","CEC","PARKSAUSTRALIA_CEMP_202404_CEC",2024-05-01,"Total",1
"10","CEC","PARKSAUSTRALIA_CEMP_202404_CEC",2024-05-02,"Transit",0
"11","CEC","PARKSAUSTRALIA_CEMP_202404_CEC",2024-05-02,"Maneuver",0
"12","CEC","PARKSAUSTRALIA_CEMP_202404_CEC",2024-05-02,"Total",0
"13","CEC","PARKSAUSTRALIA_CEMP_202404_CEC",2024-05-03,"Transit",0
"14","CEC","PARKSAUSTRALIA_CEMP_202404_CEC",2024-05-03,"Maneuver",0
"15","CEC","PARKSAUSTRALIA_CEMP_202404_CEC",2024-05-03,"Total",0
"16","CEC","PARKSAUSTRALIA_CEMP_202404_CEC",2024-05-04,"Transit",0
"17","CEC","PARKSAUSTRALIA_CEMP_202404_CEC",2024-05-04,"Maneuver",0
"18","CEC","PARKSAUSTRALIA_CEMP_202404_CEC",2024-05-04,"Total",0
"19","CEC","PARKSAUSTRALIA_CEMP_202404_CEC",2024-05-05,"Transit",0
"20","CEC","PARKSAUSTRALIA_CEMP_202404_CEC",2024-05-05,"Maneuver",0
"21","CEC","PARKSAUSTRALIA_CEMP_202404_CEC",2024-05-05,"Total",0
"22","CEC","PARKSAUSTRALIA_CEMP_202404_CEC",2024-05-06,"Transit",0
"23","CEC","PARKSAUSTRALIA_CEMP_202404_CEC",2024-05-06,"Maneuver",0
"24","CEC","PARKSAUSTRALIA_CEMP_202404_CEC",2024-05-06,"Total",0
"25","CEC","PARKSAUSTRALIA_CEMP_202404_CEC",2024-05-07,"Transit",0
"26","CEC","PARKSAUSTRALIA_CEMP_202404_CEC",2024-05-07,"Maneuver",0
"27","CEC","PARKSAUSTRALIA_CEMP_202404_CEC",2024-05-07,"Total",0
"28","CEC","PARKSAUSTRALIA_CEMP_202404_CEC",2024-05-08,"Transit",0
"29","CEC","PARKSAUSTRALIA_CEMP_202404_CEC",2024-05-08,"Maneuver",0
"30","CEC","PARKSAUSTRALIA_CEMP_202404_CEC",2024-05-08,"Total",0
"31","CEC","PARKSAUSTRALIA_CEMP_202404_CEC",2024-05-09,"Transit",0
"32","CEC","PARKSAUSTRALIA_CEMP_202404_CEC",2024-05-09,"Maneuver",0
"33","CEC","PARKSAUSTRALIA_CEMP_202404_CEC",2024-05-09,"Total",0
"34","CEC","PARKSAUSTRALIA_CEMP_202404_CEC",2024-05-10,"Transit",0
"35","CEC","PARKSAUSTRALIA_CEMP_202404_CEC",2024-05-10,"Maneuver",0
"36","CEC","PARKSAUSTRALIA_CEMP_202404_CEC",2024-05-10,"Total",0
"37","CEC","PARKSAUSTRALIA_CEMP_202404_CEC",2024-05-11,"Transit",0
"38","CEC","PARKSAUSTRALIA_CEMP_202404_CEC",2024-05-11,"Maneuver",0
"39","CEC","PARKSAUSTRALIA_CEMP_202404_CEC",2024-05-11,"Total",0
"40","CEC","PARKSAUSTRALIA_CEMP_202404_CEC",2024-05-12,"Transit",0
"41","CEC","PARKSAUSTRALIA_CEMP_202404_CEC",2024-05-12,"Maneuver",0
"42","CEC","PARKSAUSTRALIA_CEMP_202404_CEC",2024-05-12,"Total",0
"43","CEC","PARKSAUSTRALIA_CEMP_202404_CEC",2024-05-13,"Transit",0
"44","CEC","PARKSAUSTRALIA_CEMP_202404_CEC",2024-05-13,"Maneuver",0
"45","CEC","PARKSAUSTRALIA_CEMP_202404_CEC",2024-05-13,"Total",0
"46","CEC","PARKSAUSTRALIA_CEMP_202404_CEC",2024-05-14,"Transit",1
"47","CEC","PARKSAUSTRALIA_CEMP_202404_CEC",2024-05-14,"Maneuver",0
"48","CEC","PARKSAUSTRALIA_CEMP_202404_CEC",2024-05-14,"Total",1
"49","CEC","PARKSAUSTRALIA_CEMP_202404_CEC",2024-05-15,"Transit",0
"50","CEC","PARKSAUSTRALIA_CEMP_202404_CEC",2024-05-15,"Maneuver",0
"51","CEC","PARKSAUSTRALIA_CEMP_202404_CEC",2024-05-15,"Total",0
"52","CEC","PARKSAUSTRALIA_CEMP_202404_CEC",2024-05-16,"Transit",0
"53","CEC","PARKSAUSTRALIA_CEMP_202404_CEC",2024-05-16,"Maneuver",0
"54","CEC","PARKSAUSTRALIA_CEMP_202404_CEC",2024-05-16,"Total",0
"55","CEC","PARKSAUSTRALIA_CEMP_202404_CEC",2024-05-17,"Transit",1
"56","CEC","PARKSAUSTRALIA_CEMP_202404_CEC",2024-05-17,"Maneuver",0
"57","CEC","PARKSAUSTRALIA_CEMP_202404_CEC",2024-05-17,"Total",1
"58","CEC","PARKSAUSTRALIA_CEMP_202404_CEC",2024-05-18,"Transit",0
"59","CEC","PARKSAUSTRALIA_CEMP_202404_CEC",2024-05-18,"Maneuver",0
"60","CEC","PARKSAUSTRALIA_CEMP_202404_CEC",2024-05-18,"Total",0
"61","CEC","PARKSAUSTRALIA_CEMP_202404_CEC",2024-05-19,"Transit",0
"62","CEC","PARKSAUSTRALIA_CEMP_202404_CEC",2024-05-19,"Maneuver",0
"63","CEC","PARKSAUSTRALIA_CEMP_202404_CEC",2024-05-19,"Total",0
"64","CEC","PARKSAUSTRALIA_CEMP_202404_CEC",2024-05-20,"Transit",0
"65","CEC","PARKSAUSTRALIA_CEMP_202404_CEC",2024-05-20,"Maneuver",0
"66","CEC","PARKSAUSTRALIA_CEMP_202404_CEC",2024-05-20,"Total",0
"67","CEC","PARKSAUSTRALIA_CEMP_202404_CEC",2024-05-21,"Transit",1
"68","CEC","PARKSAUSTRALIA_CEMP_202404_CEC",2024-05-21,"Maneuver",0
"69","CEC","PARKSAUSTRALIA_CEMP_202404_CEC",2024-05-21,"Total",1
"70","CEC","PARKSAUSTRALIA_CEMP_202404_CEC",2024-05-22,"Transit",0
"71","CEC","PARKSAUSTRALIA_CEMP_202404_CEC",2024-05-22,"Maneuver",0
"72","CEC","PARKSAUSTRALIA_CEMP_202404_CEC",2024-05-22,"Total",0
"73","CEC","PARKSAUSTRALIA_CEMP_202404_CEC",2024-05-23,"Transit",0
"74","CEC","PARKSAUSTRALIA_CEMP_202404_CEC",2024-05-23,"Maneuver",0
"75","CEC","PARKSAUSTRALIA_CEMP_202404_CEC",2024-05-23,"Total",0
"76","CEC","PARKSAUSTRALIA_CEMP_202404_CEC",2024-05-24,"Transit",0
"77","CEC","PARKSAUSTRALIA_CEMP_202404_CEC",2024-05-24,"Maneuver",0
"78","CEC","PARKSAUSTRALIA_CEMP_202404_CEC",2024-05-24,"Total",0
"79","CEC","PARKSAUSTRALIA_CEMP_202404_CEC",2024-05-25,"Transit",0
"80","CEC","PARKSAUSTRALIA_CEMP_202404_CEC",2024-05-25,"Maneuver",0
"81","CEC","PARKSAUSTRALIA_CEMP_202404_CEC",2024-05-25,"Total",0
"82","CEC","PARKSAUSTRALIA_CEMP_202404_CEC",2024-05-26,"Transit",0
"83","CEC","PARKSAUSTRALIA_CEMP_202404_CEC",2024-05-26,"Maneuver",0
"84","CEC","PARKSAUSTRALIA_CEMP_202404_CEC",2024-05-26,"Total",0
"85","CEC","PARKSAUSTRALIA_CEMP_202404_CEC",2024-05-27,"Transit",2
"86","CEC","PARKSAUSTRALIA_CEMP_202404_CEC",2024-05-27,"Maneuver",0
"87","CEC","PARKSAUSTRALIA_CEMP_202404_CEC",2024-05-27,"Total",2
"88","CEC","PARKSAUSTRALIA_CEMP_202404_CEC",2024-05-28,"Transit",0
"89","CEC","PARKSAUSTRALIA_CEMP_202404_CEC",2024-05-28,"Maneuver",0
"90","CEC","PARKSAUSTRALIA_CEMP_202404_CEC",2024-05-28,"Total",0
"91","CEC","PARKSAUSTRALIA_CEMP_202404_CEC",2024-05-29,"Transit",0
"92","CEC","PARKSAUSTRALIA_CEMP_202404_CEC",2024-05-29,"Maneuver",0
"93","CEC","PARKSAUSTRALIA_CEMP_202404_CEC",2024-05-29,"Total",0
"94","CEC","PARKSAUSTRALIA_CEMP_202404_CEC",2024-05-30,"Transit",0
"95","CEC","PARKSAUSTRALIA_CEMP_202404_CEC",2024-05-30,"Maneuver",0
"96","CEC","PARKSAUSTRALIA_CEMP_202404_CEC",2024-05-30,"Total",0
"97","CEC","PARKSAUSTRALIA_CEMP_202404_CEC",2024-05-31,"Transit",0
"98","CEC","PARKSAUSTRALIA_CEMP_202404_CEC",2024-05-31,"Maneuver",0
"99","CEC","PARKSAUSTRALIA_CEMP_202404_CEC",2024-05-31,"Total",0
"100","CEC","PARKSAUSTRALIA_CEMP_202404_CEC",2024-06-01,"Transit",0
"101","CEC","PARKSAUSTRALIA_CEMP_202404_CEC",2024-06-01,"Maneuver",0
"102","CEC","PARKSAUSTRALIA_CEMP_202404_CEC",2024-06-01,"Total",0
"103","CEC","PARKSAUSTRALIA_CEMP_202404_CEC",2024-06-02,"Transit",0
"104","CEC","PARKSAUSTRALIA_CEMP_202404_CEC",2024-06-02,"Maneuver",0
"105","CEC","PARKSAUSTRALIA_CEMP_202404_CEC",2024-06-02,"Total",0
"106","CEC","PARKSAUSTRALIA_CEMP_202404_CEC",2024-06-03,"Transit",0
"107","CEC","PARKSAUSTRALIA_CEMP_202404_CEC",2024-06-03,"Maneuver",0
"108","CEC","PARKSAUSTRALIA_CEMP_202404_CEC",2024-06-03,"Total",0
"109","CEC","PARKSAUSTRALIA_CEMP_202404_CEC",2024-06-04,"Transit",0
"110","CEC","PARKSAUSTRALIA_CEMP_202404_CEC",2024-06-04,"Maneuver",0
"111","CEC","PARKSAUSTRALIA_CEMP_202404_CEC",2024-06-04,"Total",0
"112","CEC","PARKSAUSTRALIA_CEMP_202404_CEC",2024-06-05,"Transit",0
"113","CEC","PARKSAUSTRALIA_CEMP_202404_CEC",2024-06-05,"Maneuver",0
"114","CEC","PARKSAUSTRALIA_CEMP_202404_CEC",2024-06-05,"Total",0
"115","CEC","PARKSAUSTRALIA_CEMP_202404_CEC",2024-06-06,"Transit",1
"116","CEC","PARKSAUSTRALIA_CEMP_202404_CEC",2024-06-06,"Maneuver",0
"117","CEC","PARKSAUSTRALIA_CEMP_202404_CEC",2024-06-06,"Total",1
"118","CEC","PARKSAUSTRALIA_CEMP_202404_CEC",2024-06-07,"Transit",0
"119","CEC","PARKSAUSTRALIA_CEMP_202404_CEC",2024-06-07,"Maneuver",0
"120","CEC","PARKSAUSTRALIA_CEMP_202404_CEC",2024-06-07,"Total",0
"121","CEC","PARKSAUSTRALIA_CEMP_202404_CEC",2024-06-08,"Transit",0
"122","CEC","PARKSAUSTRALIA_CEMP_202404_CEC",2024-06-08,"Maneuver",0
"123","CEC","PARKSAUSTRALIA_CEMP_202404_CEC",2024-06-08,"Total",0
"124","CEC","PARKSAUSTRALIA_CEMP_202404_CEC",2024-06-09,"Transit",0
"125","CEC","PARKSAUSTRALIA_CEMP_202404_CEC",2024-06-09,"Maneuver",0
"126","CEC","PARKSAUSTRALIA_CEMP_202404_CEC",2024-06-09,"Total",0
"127","CEC","PARKSAUSTRALIA_CEMP_202404_CEC",2024-06-10,"Transit",0
"128","CEC","PARKSAUSTRALIA_CEMP_202404_CEC",2024-06-10,"Maneuver",0
"129","CEC","PARKSAUSTRALIA_CEMP_202404_CEC",2024-06-10,"Total",0
"130","CEC","PARKSAUSTRALIA_CEMP_202404_CEC",2024-06-11,"Transit",0
"131","CEC","PARKSAUSTRALIA_CEMP_202404_CEC",2024-06-11,"Maneuver",0
"132","CEC","PARKSAUSTRALIA_CEMP_202404_CEC",2024-06-11,"Total",0
"133","CEC","PARKSAUSTRALIA_CEMP_202404_CEC",2024-06-12,"Transit",0
"134","CEC","PARKSAUSTRALIA_CEMP_202404_CEC",2024-06-12,"Maneuver",0
"135","CEC","PARKSAUSTRALIA_CEMP_202404_CEC",2024-06-12,"Total",0
"136","CEC","PARKSAUSTRALIA_CEMP_202404_CEC",2024-06-13,"Transit",0
"137","CEC","PARKSAUSTRALIA_CEMP_202404_CEC",2024-06-13,"Maneuver",0
"138","CEC","PARKSAUSTRALIA_CEMP_202404_CEC",2024-06-13,"Total",0
"139","CEC","PARKSAUSTRALIA_CEMP_202404_CEC",2024-06-14,"Transit",0
"140","CEC","PARKSAUSTRALIA_CEMP_202404_CEC",2024-06-14,"Maneuver",0
"141","CEC","PARKSAUSTRALIA_CEMP_202404_CEC",2024-06-14,"Total",0
"142","CEC","PARKSAUSTRALIA_CEMP_202404_CEC",2024-06-15,"Transit",1
"143","CEC","PARKSAUSTRALIA_CEMP_202404_CEC",2024-06-15,"Maneuver",0
"144","CEC","PARKSAUSTRALIA_CEMP_202404_CEC",2024-06-15,"Total",1
"145","CEC","PARKSAUSTRALIA_CEMP_202404_CEC",2024-06-16,"Transit",0
"146","CEC","PARKSAUSTRALIA_CEMP_202404_CEC",2024-06-16,"Maneuver",0
"147","CEC","PARKSAUSTRALIA_CEMP_202404_CEC",2024-06-16,"Total",0
"148","CEC","PARKSAUSTRALIA_CEMP_202404_CEC",2024-06-17,"Transit",0
"149","CEC","PARKSAUSTRALIA_CEMP_202404_CEC",2024-06-17,"Maneuver",0
"150","CEC","PARKSAUSTRALIA_CEMP_202404_CEC",2024-06-17,"Total",0
"151","CEC","PARKSAUSTRALIA_CEMP_202404_CEC",2024-06-18,"Transit",0
"152","CEC","PARKSAUSTRALIA_CEMP_202404_CEC",2024-06-18,"Maneuver",0
"153","CEC","PARKSAUSTRALIA_CEMP_202404_CEC",2024-06-18,"Total",0
"154","CEC","PARKSAUSTRALIA_CEMP_202404_CEC",2024-06-19,"Transit",0
"155","CEC","PARKSAUSTRALIA_CEMP_202404_CEC",2024-06-19,"Maneuver",0
"156","CEC","PARKSAUSTRALIA_CEMP_202404_CEC",2024-06-19,"Total",0
"157","CEC","PARKSAUSTRALIA_CEMP_202404_CEC",2024-06-20,"Transit",1
"158","CEC","PARKSAUSTRALIA_CEMP_202404_CEC",2024-06-20,"Maneuver",0
"159","CEC","PARKSAUSTRALIA_CEMP_202404_CEC",2024-06-20,"Total",1
"160","CEC","PARKSAUSTRALIA_CEMP_202404_CEC",2024-06-21,"Transit",0
"161","CEC","PARKSAUSTRALIA_CEMP_202404_CEC",2024-06-21,"Maneuver",0
"162","CEC","PARKSAUSTRALIA_CEMP_202404_CEC",2024-06-21,"Total",0
"163","CEC","PARKSAUSTRALIA_CEMP_202404_CEC",2024-06-22,"Transit",0
"164","CEC","PARKSAUSTRALIA_CEMP_202404_CEC",2024-06-22,"Maneuver",0
"165","CEC","PARKSAUSTRALIA_CEMP_202404_CEC",2024-06-22,"Total",0
"166","CEC","PARKSAUSTRALIA_CEMP_202404_CEC",2024-06-23,"Transit",0
"167","CEC","PARKSAUSTRALIA_CEMP_202404_CEC",2024-06-23,"Maneuver",0
"168","CEC","PARKSAUSTRALIA_CEMP_202404_CEC",2024-06-23,"Total",0
"169","CEC","PARKSAUSTRALIA_CEMP_202404_CEC",2024-06-24,"Transit",1
"170","CEC","PARKSAUSTRALIA_CEMP_202404_CEC",2024-06-24,"Maneuver",0
"171","CEC","PARKSAUSTRALIA_CEMP_202404_CEC",2024-06-24,"Total",1
"172","CEC","PARKSAUSTRALIA_CEMP_202404_CEC",2024-06-25,"Transit",2
"173","CEC","PARKSAUSTRALIA_CEMP_202404_CEC",2024-06-25,"Maneuver",0
"174","CEC","PARKSAUSTRALIA_CEMP_202404_CEC",2024-06-25,"Total",2
"175","CEC","PARKSAUSTRALIA_CEMP_202404_CEC",2024-06-26,"Transit",0
"176","CEC","PARKSAUSTRALIA_CEMP_202404_CEC",2024-06-26,"Maneuver",0
"177","CEC","PARKSAUSTRALIA_CEMP_202404_CEC",2024-06-26,"Total",0
"178","CEC","PARKSAUSTRALIA_CEMP_202404_CEC",2024-06-27,"Transit",0
"179","CEC","PARKSAUSTRALIA_CEMP_202404_CEC",2024-06-27,"Maneuver",0
"180","CEC","PARKSAUSTRALIA_CEMP_202404_CEC",2024-06-27,"Total",0
"181","CEC","PARKSAUSTRALIA_CEMP_202404_CEC",2024-06-28,"Transit",0
"182","CEC","PARKSAUSTRALIA_CEMP_202404_CEC",2024-06-28,"Maneuver",0
"183","CEC","PARKSAUSTRALIA_CEMP_202404_CEC",2024-06-28,"Total",0
"184","CEN","PARKSAUSTRALIA_CEMP_202404_CEN",2024-04-29,"Transit",0
"185","CEN","PARKSAUSTRALIA_CEMP_202404_CEN",2024-04-29,"Maneuver",0
"186","CEN","PARKSAUSTRALIA_CEMP_202404_CEN",2024-04-29,"Total",0
"187","CEN","PARKSAUSTRALIA_CEMP_202404_CEN",2024-04-30,"Transit",0
"188","CEN","PARKSAUSTRALIA_CEMP_202404_CEN",2024-04-30,"Maneuver",0
"189","CEN","PARKSAUSTRALIA_CEMP_202404_CEN",2024-04-30,"Total",0
"190","CEN","PARKSAUSTRALIA_CEMP_202404_CEN",2024-05-01,"Transit",0
"191","CEN","PARKSAUSTRALIA_CEMP_202404_CEN",2024-05-01,"Maneuver",0
"192","CEN","PARKSAUSTRALIA_CEMP_202404_CEN",2024-05-01,"Total",0
"193","CEN","PARKSAUSTRALIA_CEMP_202404_CEN",2024-05-02,"Transit",0
"194","CEN","PARKSAUSTRALIA_CEMP_202404_CEN",2024-05-02,"Maneuver",0
"195","CEN","PARKSAUSTRALIA_CEMP_202404_CEN",2024-05-02,"Total",0
"196","CEN","PARKSAUSTRALIA_CEMP_202404_CEN",2024-05-03,"Transit",0
"197","CEN","PARKSAUSTRALIA_CEMP_202404_CEN",2024-05-03,"Maneuver",0
"198","CEN","PARKSAUSTRALIA_CEMP_202404_CEN",2024-05-03,"Total",0
"199","CEN","PARKSAUSTRALIA_CEMP_202404_CEN",2024-05-04,"Transit",3
"200","CEN","PARKSAUSTRALIA_CEMP_202404_CEN",2024-05-04,"Maneuver",0
"201","CEN","PARKSAUSTRALIA_CEMP_202404_CEN",2024-05-04,"Total",3
"202","CEN","PARKSAUSTRALIA_CEMP_202404_CEN",2024-05-05,"Transit",1
"203","CEN","PARKSAUSTRALIA_CEMP_202404_CEN",2024-05-05,"Maneuver",0
"204","CEN","PARKSAUSTRALIA_CEMP_202404_CEN",2024-05-05,"Total",1
"205","CEN","PARKSAUSTRALIA_CEMP_202404_CEN",2024-05-06,"Transit",0
"206","CEN","PARKSAUSTRALIA_CEMP_202404_CEN",2024-05-06,"Maneuver",0
"207","CEN","PARKSAUSTRALIA_CEMP_202404_CEN",2024-05-06,"Total",0
"208","CEN","PARKSAUSTRALIA_CEMP_202404_CEN",2024-05-07,"Transit",0
"209","CEN","PARKSAUSTRALIA_CEMP_202404_CEN",2024-05-07,"Maneuver",0
"210","CEN","PARKSAUSTRALIA_CEMP_202404_CEN",2024-05-07,"Total",0
"211","CEN","PARKSAUSTRALIA_CEMP_202404_CEN",2024-05-08,"Transit",0
"212","CEN","PARKSAUSTRALIA_CEMP_202404_CEN",2024-05-08,"Maneuver",0
"213","CEN","PARKSAUSTRALIA_CEMP_202404_CEN",2024-05-08,"Total",0
"214","CEN","PARKSAUSTRALIA_CEMP_202404_CEN",2024-05-09,"Transit",0
"215","CEN","PARKSAUSTRALIA_CEMP_202404_CEN",2024-05-09,"Maneuver",0
"216","CEN","PARKSAUSTRALIA_CEMP_202404_CEN",2024-05-09,"Total",0
"217","CEN","PARKSAUSTRALIA_CEMP_202404_CEN",2024-05-10,"Transit",0
"218","CEN","PARKSAUSTRALIA_CEMP_202404_CEN",2024-05-10,"Maneuver",0
"219","CEN","PARKSAUSTRALIA_CEMP_202404_CEN",2024-05-10,"Total",0
"220","CEN","PARKSAUSTRALIA_CEMP_202404_CEN",2024-05-11,"Transit",0
"221","CEN","PARKSAUSTRALIA_CEMP_202404_CEN",2024-05-11,"Maneuver",0
"222","CEN","PARKSAUSTRALIA_CEMP_202404_CEN",2024-05-11,"Total",0
"223","CEN","PARKSAUSTRALIA_CEMP_202404_CEN",2024-05-12,"Transit",0
"224","CEN","PARKSAUSTRALIA_CEMP_202404_CEN",2024-05-12,"Maneuver",0
"225","CEN","PARKSAUSTRALIA_CEMP_202404_CEN",2024-05-12,"Total",0
"226","CEN","PARKSAUSTRALIA_CEMP_202404_CEN",2024-05-13,"Transit",0
"227","CEN","PARKSAUSTRALIA_CEMP_202404_CEN",2024-05-13,"Maneuver",0
"228","CEN","PARKSAUSTRALIA_CEMP_202404_CEN",2024-05-13,"Total",0
"229","CEN","PARKSAUSTRALIA_CEMP_202404_CEN",2024-05-14,"Transit",0
"230","CEN","PARKSAUSTRALIA_CEMP_202404_CEN",2024-05-14,"Maneuver",0
"231","CEN","PARKSAUSTRALIA_CEMP_202404_CEN",2024-05-14,"Total",0
"232","CEN","PARKSAUSTRALIA_CEMP_202404_CEN",2024-05-15,"Transit",1
"233","CEN","PARKSAUSTRALIA_CEMP_202404_CEN",2024-05-15,"Maneuver",0
"234","CEN","PARKSAUSTRALIA_CEMP_202404_CEN",2024-05-15,"Total",1
"235","CEN","PARKSAUSTRALIA_CEMP_202404_CEN",2024-05-16,"Transit",0
"236","CEN","PARKSAUSTRALIA_CEMP_202404_CEN",2024-05-16,"Maneuver",0
"237","CEN","PARKSAUSTRALIA_CEMP_202404_CEN",2024-05-16,"Total",0
"238","CEN","PARKSAUSTRALIA_CEMP_202404_CEN",2024-05-17,"Transit",1
"239","CEN","PARKSAUSTRALIA_CEMP_202404_CEN",2024-05-17,"Maneuver",0
"240","CEN","PARKSAUSTRALIA_CEMP_202404_CEN",2024-05-17,"Total",1
"241","CEN","PARKSAUSTRALIA_CEMP_202404_CEN",2024-05-18,"Transit",0
"242","CEN","PARKSAUSTRALIA_CEMP_202404_CEN",2024-05-18,"Maneuver",0
"243","CEN","PARKSAUSTRALIA_CEMP_202404_CEN",2024-05-18,"Total",0
"244","CEN","PARKSAUSTRALIA_CEMP_202404_CEN",2024-05-19,"Transit",0
"245","CEN","PARKSAUSTRALIA_CEMP_202404_CEN",2024-05-19,"Maneuver",0
"246","CEN","PARKSAUSTRALIA_CEMP_202404_CEN",2024-05-19,"Total",0
"247","CEN","PARKSAUSTRALIA_CEMP_202404_CEN",2024-05-20,"Transit",0
"248","CEN","PARKSAUSTRALIA_CEMP_202404_CEN",2024-05-20,"Maneuver",0
"249","CEN","PARKSAUSTRALIA_CEMP_202404_CEN",2024-05-20,"Total",0
"250","CEN","PARKSAUSTRALIA_CEMP_202404_CEN",2024-05-21,"Transit",0
"251","CEN","PARKSAUSTRALIA_CEMP_202404_CEN",2024-05-21,"Maneuver",0
"252","CEN","PARKSAUSTRALIA_CEMP_202404_CEN",2024-05-21,"Total",0
"253","CEN","PARKSAUSTRALIA_CEMP_202404_CEN",2024-05-22,"Transit",0
"254","CEN","PARKSAUSTRALIA_CEMP_202404_CEN",2024-05-22,"Maneuver",0
"255","CEN","PARKSAUSTRALIA_CEMP_202404_CEN",2024-05-22,"Total",0
"256","CEN","PARKSAUSTRALIA_CEMP_202404_CEN",2024-05-23,"Transit",0
"257","CEN","PARKSAUSTRALIA_CEMP_202404_CEN",2024-05-23,"Maneuver",0
"258","CEN","PARKSAUSTRALIA_CEMP_202404_CEN",2024-05-23,"Total",0
"259","CEN","PARKSAUSTRALIA_CEMP_202404_CEN",2024-05-24,"Transit",0
"260","CEN","PARKSAUSTRALIA_CEMP_202404_CEN",2024-05-24,"Maneuver",0
"261","CEN","PARKSAUSTRALIA_CEMP_202404_CEN",2024-05-24,"Total",0
"262","CEN","PARKSAUSTRALIA_CEMP_202404_CEN",2024-05-25,"Transit",0
"263","CEN","PARKSAUSTRALIA_CEMP_202404_CEN",2024-05-25,"Maneuver",0
"264","CEN","PARKSAUSTRALIA_CEMP_202404_CEN",2024-05-25,"Total",0
"265","CEN","PARKSAUSTRALIA_CEMP_202404_CEN",2024-05-26,"Transit",0
"266","CEN","PARKSAUSTRALIA_CEMP_202404_CEN",2024-05-26,"Maneuver",0
"267","CEN","PARKSAUSTRALIA_CEMP_202404_CEN",2024-05-26,"Total",0
"268","CEN","PARKSAUSTRALIA_CEMP_202404_CEN",2024-05-27,"Transit",1
"269","CEN","PARKSAUSTRALIA_CEMP_202404_CEN",2024-05-27,"Maneuver",0
"270","CEN","PARKSAUSTRALIA_CEMP_202404_CEN",2024-05-27,"Total",1
"271","CEN","PARKSAUSTRALIA_CEMP_202404_CEN",2024-05-28,"Transit",0
"272","CEN","PARKSAUSTRALIA_CEMP_202404_CEN",2024-05-28,"Maneuver",0
"273","CEN","PARKSAUSTRALIA_CEMP_202404_CEN",2024-05-28,"Total",0
"274","CEN","PARKSAUSTRALIA_CEMP_202404_CEN",2024-05-29,"Transit",0
"275","CEN","PARKSAUSTRALIA_CEMP_202404_CEN",2024-05-29,"Maneuver",0
"276","CEN","PARKSAUSTRALIA_CEMP_202404_CEN",2024-05-29,"Total",0
"277","CEN","PARKSAUSTRALIA_CEMP_202404_CEN",2024-05-30,"Transit",0
"278","CEN","PARKSAUSTRALIA_CEMP_202404_CEN",2024-05-30,"Maneuver",0
"279","CEN","PARKSAUSTRALIA_CEMP_202404_CEN",2024-05-30,"Total",0
"280","CEN","PARKSAUSTRALIA_CEMP_202404_CEN",2024-05-31,"Transit",0
"281","CEN","PARKSAUSTRALIA_CEMP_202404_CEN",2024-05-31,"Maneuver",0
"282","CEN","PARKSAUSTRALIA_CEMP_202404_CEN",2024-05-31,"Total",0
"283","CEN","PARKSAUSTRALIA_CEMP_202404_CEN",2024-06-01,"Transit",0
"284","CEN","PARKSAUSTRALIA_CEMP_202404_CEN",2024-06-01,"Maneuver",0
"285","CEN","PARKSAUSTRALIA_CEMP_202404_CEN",2024-06-01,"Total",0
"286","CEN","PARKSAUSTRALIA_CEMP_202404_CEN",2024-06-02,"Transit",0
"287","CEN","PARKSAUSTRALIA_CEMP_202404_CEN",2024-06-02,"Maneuver",0
"288","CEN","PARKSAUSTRALIA_CEMP_202404_CEN",2024-06-02,"Total",0
"289","CEN","PARKSAUSTRALIA_CEMP_202404_CEN",2024-06-03,"Transit",0
"290","CEN","PARKSAUSTRALIA_CEMP_202404_CEN",2024-06-03,"Maneuver",0
"291","CEN","PARKSAUSTRALIA_CEMP_202404_CEN",2024-06-03,"Total",0
"292","CEN","PARKSAUSTRALIA_CEMP_202404_CEN",2024-06-04,"Transit",0
"293","CEN","PARKSAUSTRALIA_CEMP_202404_CEN",2024-06-04,"Maneuver",0
"294","CEN","PARKSAUSTRALIA_CEMP_202404_CEN",2024-06-04,"Total",0
"295","CEN","PARKSAUSTRALIA_CEMP_202404_CEN",2024-06-05,"Transit",0
"296","CEN","PARKSAUSTRALIA_CEMP_202404_CEN",2024-06-05,"Maneuver",0
"297","CEN","PARKSAUSTRALIA_CEMP_202404_CEN",2024-06-05,"Total",0
"298","CEN","PARKSAUSTRALIA_CEMP_202404_CEN",2024-06-06,"Transit",0
"299","CEN","PARKSAUSTRALIA_CEMP_202404_CEN",2024-06-06,"Maneuver",0
"300","CEN","PARKSAUSTRALIA_CEMP_202404_CEN",2024-06-06,"Total",0
"301","CEN","PARKSAUSTRALIA_CEMP_202404_CEN",2024-06-07,"Transit",0
"302","CEN","PARKSAUSTRALIA_CEMP_202404_CEN",2024-06-07,"Maneuver",0
"303","CEN","PARKSAUSTRALIA_CEMP_202404_CEN",2024-06-07,"Total",0
"304","CEN","PARKSAUSTRALIA_CEMP_202404_CEN",2024-06-08,"Transit",0
"305","CEN","PARKSAUSTRALIA_CEMP_202404_CEN",2024-06-08,"Maneuver",0
"306","CEN","PARKSAUSTRALIA_CEMP_202404_CEN",2024-06-08,"Total",0
"307","CEN","PARKSAUSTRALIA_CEMP_202404_CEN",2024-06-09,"Transit",0
"308","CEN","PARKSAUSTRALIA_CEMP_202404_CEN",2024-06-09,"Maneuver",0
"309","CEN","PARKSAUSTRALIA_CEMP_202404_CEN",2024-06-09,"Total",0
"310","CEN","PARKSAUSTRALIA_CEMP_202404_CEN",2024-06-10,"Transit",0
"311","CEN","PARKSAUSTRALIA_CEMP_202404_CEN",2024-06-10,"Maneuver",0
"312","CEN","PARKSAUSTRALIA_CEMP_202404_CEN",2024-06-10,"Total",0
"313","CEN","PARKSAUSTRALIA_CEMP_202404_CEN",2024-06-11,"Transit",0
"314","CEN","PARKSAUSTRALIA_CEMP_202404_CEN",2024-06-11,"Maneuver",0
"315","CEN","PARKSAUSTRALIA_CEMP_202404_CEN",2024-06-11,"Total",0
"316","CEN","PARKSAUSTRALIA_CEMP_202404_CEN",2024-06-12,"Transit",0
"317","CEN","PARKSAUSTRALIA_CEMP_202404_CEN",2024-06-12,"Maneuver",0
"318","CEN","PARKSAUSTRALIA_CEMP_202404_CEN",2024-06-12,"Total",0
"319","CEN","PARKSAUSTRALIA_CEMP_202404_CEN",2024-06-13,"Transit",0
"320","CEN","PARKSAUSTRALIA_CEMP_202404_CEN",2024-06-13,"Maneuver",0
"321","CEN","PARKSAUSTRALIA_CEMP_202404_CEN",2024-06-13,"Total",0
"322","CEN","PARKSAUSTRALIA_CEMP_202404_CEN",2024-06-14,"Transit",0
"323","CEN","PARKSAUSTRALIA_CEMP_202404_CEN",2024-06-14,"Maneuver",0
"324","CEN","PARKSAUSTRALIA_CEMP_202404_CEN",2024-06-14,"Total",0
"325","CEN","PARKSAUSTRALIA_CEMP_202404_CEN",2024-06-15,"Transit",0
"326","CEN","PARKSAUSTRALIA_CEMP_202404_CEN",2024-06-15,"Maneuver",0
"327","CEN","PARKSAUSTRALIA_CEMP_202404_CEN",2024-06-15,"Total",0
"328","CEN","PARKSAUSTRALIA_CEMP_202404_CEN",2024-06-16,"Transit",0
"329","CEN","PARKSAUSTRALIA_CEMP_202404_CEN",2024-06-16,"Maneuver",0
"330","CEN","PARKSAUSTRALIA_CEMP_202404_CEN",2024-06-16,"Total",0
"331","CEN","PARKSAUSTRALIA_CEMP_202404_CEN",2024-06-17,"Transit",0
"332","CEN","PARKSAUSTRALIA_CEMP_202404_CEN",2024-06-17,"Maneuver",0
"333","CEN","PARKSAUSTRALIA_CEMP_202404_CEN",2024-06-17,"Total",0
"334","CEN","PARKSAUSTRALIA_CEMP_202404_CEN",2024-06-18,"Transit",0
"335","CEN","PARKSAUSTRALIA_CEMP_202404_CEN",2024-06-18,"Maneuver",0
"336","CEN","PARKSAUSTRALIA_CEMP_202404_CEN",2024-06-18,"Total",0
"337","CEN","PARKSAUSTRALIA_CEMP_202404_CEN",2024-06-19,"Transit",0
"338","CEN","PARKSAUSTRALIA_CEMP_202404_CEN",2024-06-19,"Maneuver",0
"339","CEN","PARKSAUSTRALIA_CEMP_202404_CEN",2024-06-19,"Total",0
"340","CEN","PARKSAUSTRALIA_CEMP_202404_CEN",2024-06-20,"Transit",0
"341","CEN","PARKSAUSTRALIA_CEMP_202404_CEN",2024-06-20,"Maneuver",0
"342","CEN","PARKSAUSTRALIA_CEMP_202404_CEN",2024-06-20,"Total",0
"343","CEN","PARKSAUSTRALIA_CEMP_202404_CEN",2024-06-21,"Transit",0
"344","CEN","PARKSAUSTRALIA_CEMP_202404_CEN",2024-06-21,"Maneuver",0
"345","CEN","PARKSAUSTRALIA_CEMP_202404_CEN",2024-06-21,"Total",0
"346","CEN","PARKSAUSTRALIA_CEMP_202404_CEN",2024-06-22,"Transit",0
"347","CEN","PARKSAUSTRALIA_CEMP_202404_CEN",2024-06-22,"Maneuver",0
"348","CEN","PARKSAUSTRALIA_CEMP_202404_CEN",2024-06-22,"Total",0
"349","CEN","PARKSAUSTRALIA_CEMP_202404_CEN",2024-06-23,"Transit",3
"350","CEN","PARKSAUSTRALIA_CEMP_202404_CEN",2024-06-23,"Maneuver",0
"351","CEN","PARKSAUSTRALIA_CEMP_202404_CEN",2024-06-23,"Total",3
"352","CEN","PARKSAUSTRALIA_CEMP_202404_CEN",2024-06-24,"Transit",0
"353","CEN","PARKSAUSTRALIA_CEMP_202404_CEN",2024-06-24,"Maneuver",0
"354","CEN","PARKSAUSTRALIA_CEMP_202404_CEN",2024-06-24,"Total",0
"355","CEN","PARKSAUSTRALIA_CEMP_202404_CEN",2024-06-25,"Transit",1
"356","CEN","PARKSAUSTRALIA_CEMP_202404_CEN",2024-06-25,"Maneuver",0
"357","CEN","PARKSAUSTRALIA_CEMP_202404_CEN",2024-06-25,"Total",1
"358","CEN","PARKSAUSTRALIA_CEMP_202404_CEN",2024-06-26,"Transit",0
"359","CEN","PARKSAUSTRALIA_CEMP_202404_CEN",2024-06-26,"Maneuver",0
"360","CEN","PARKSAUSTRALIA_CEMP_202404_CEN",2024-06-26,"Total",0
"361","CEN","PARKSAUSTRALIA_CEMP_202404_CEN",2024-06-27,"Transit",0
"362","CEN","PARKSAUSTRALIA_CEMP_202404_CEN",2024-06-27,"Maneuver",0
"363","CEN","PARKSAUSTRALIA_CEMP_202404_CEN",2024-06-27,"Total",0
"364","CEN","PARKSAUSTRALIA_CEMP_202404_CEN",2024-06-28,"Transit",0
"365","CEN","PARKSAUSTRALIA_CEMP_202404_CEN",2024-06-28,"Maneuver",0
"366","CEN","PARKSAUSTRALIA_CEMP_202404_CEN",2024-06-28,"Total",0
