"","Begin_Date","Begin_Hour","Maneuver","Transit","Notes","SiteID"
"1",2024-11-27,0,0,0,NA,"BRE"
"2",2024-11-27,1,0,0,NA,"BRE"
"3",2024-11-27,2,0,0,NA,"BRE"
"4",2024-11-27,3,0,0,NA,"BRE"
"5",2024-11-27,4,0,0,NA,"BRE"
"6",2024-11-27,5,0,0,NA,"BRE"
"7",2024-11-27,6,0,0,NA,"BRE"
"8",2024-11-27,7,0,0,NA,"BRE"
"9",2024-11-27,8,0,0,NA,"BRE"
"10",2024-11-27,9,0,0,NA,"BRE"
"11",2024-11-27,10,0,0,NA,"BRE"
"12",2024-11-27,11,0,0,NA,"BRE"
"13",2024-11-27,12,0,0,NA,"BRE"
"14",2024-11-27,13,0,0,NA,"BRE"
"15",2024-11-27,14,0,0,NA,"BRE"
"16",2024-11-27,15,0,0,NA,"BRE"
"17",2024-11-27,16,0,0,NA,"BRE"
"18",2024-11-27,17,0,0,NA,"BRE"
"19",2024-11-27,18,0,0,NA,"BRE"
"20",2024-11-27,19,0,0,NA,"BRE"
"21",2024-11-27,20,0,0,NA,"BRE"
"22",2024-11-27,21,0,0,NA,"BRE"
"23",2024-11-27,22,0,0,NA,"BRE"
"24",2024-11-27,23,0,0,NA,"BRE"
"25",2024-11-28,0,0,0,NA,"BRE"
"26",2024-11-28,1,0,0,NA,"BRE"
"27",2024-11-28,2,0,0,NA,"BRE"
"28",2024-11-28,3,0,0,NA,"BRE"
"29",2024-11-28,4,0,0,NA,"BRE"
"30",2024-11-28,5,0,0,NA,"BRE"
"31",2024-11-28,6,0,0,NA,"BRE"
"32",2024-11-28,7,0,0,NA,"BRE"
"33",2024-11-28,8,0,0,NA,"BRE"
"34",2024-11-28,9,0,0,NA,"BRE"
"35",2024-11-28,10,0,0,NA,"BRE"
"36",2024-11-28,11,0,0,NA,"BRE"
"37",2024-11-28,12,0,0,NA,"BRE"
"38",2024-11-28,13,0,0,NA,"BRE"
"39",2024-11-28,14,0,0,NA,"BRE"
"40",2024-11-28,15,0,0,NA,"BRE"
"41",2024-11-28,16,0,0,NA,"BRE"
"42",2024-11-28,17,0,0,NA,"BRE"
"43",2024-11-28,18,0,0,NA,"BRE"
"44",2024-11-28,19,0,0,NA,"BRE"
"45",2024-11-28,20,0,0,NA,"BRE"
"46",2024-11-28,21,0,0,NA,"BRE"
"47",2024-11-28,22,0,0,NA,"BRE"
"48",2024-11-28,23,0,0,NA,"BRE"
"49",2024-11-29,0,0,0,NA,"BRE"
"50",2024-11-29,1,0,0,NA,"BRE"
"51",2024-11-29,2,0,0,NA,"BRE"
"52",2024-11-29,3,0,0,NA,"BRE"
"53",2024-11-29,4,0,0,NA,"BRE"
"54",2024-11-29,5,0,0,NA,"BRE"
"55",2024-11-29,6,0,0,NA,"BRE"
"56",2024-11-29,7,0,0,NA,"BRE"
"57",2024-11-29,8,0,0,NA,"BRE"
"58",2024-11-29,9,0,0,NA,"BRE"
"59",2024-11-29,10,0,0,NA,"BRE"
"60",2024-11-29,11,0,0,NA,"BRE"
"61",2024-11-29,12,0,0,NA,"BRE"
"62",2024-11-29,13,0,0,NA,"BRE"
"63",2024-11-29,14,0,0,NA,"BRE"
"64",2024-11-29,15,0,0,NA,"BRE"
"65",2024-11-29,16,0,0,NA,"BRE"
"66",2024-11-29,17,0,0,NA,"BRE"
"67",2024-11-29,18,0,0,NA,"BRE"
"68",2024-11-29,19,0,0,NA,"BRE"
"69",2024-11-29,20,0,0,NA,"BRE"
"70",2024-11-29,21,0,0,NA,"BRE"
"71",2024-11-29,22,0,0,NA,"BRE"
"72",2024-11-29,23,0,0,NA,"BRE"
"73",2024-11-30,0,0,0,NA,"BRE"
"74",2024-11-30,1,0,0,NA,"BRE"
"75",2024-11-30,2,0,0,NA,"BRE"
"76",2024-11-30,3,0,0,NA,"BRE"
"77",2024-11-30,4,0,0,NA,"BRE"
"78",2024-11-30,5,0,0,NA,"BRE"
"79",2024-11-30,6,0,0,NA,"BRE"
"80",2024-11-30,7,0,0,NA,"BRE"
"81",2024-11-30,8,0,0,NA,"BRE"
"82",2024-11-30,9,0,0,NA,"BRE"
"83",2024-11-30,10,0,0,NA,"BRE"
"84",2024-11-30,11,0,0,NA,"BRE"
"85",2024-11-30,12,0,0,NA,"BRE"
"86",2024-11-30,13,0,0,NA,"BRE"
"87",2024-11-30,14,0,0,NA,"BRE"
"88",2024-11-30,15,0,0,NA,"BRE"
"89",2024-11-30,16,0,0,NA,"BRE"
"90",2024-11-30,17,0,0,NA,"BRE"
"91",2024-11-30,18,0,0,NA,"BRE"
"92",2024-11-30,19,0,0,NA,"BRE"
"93",2024-11-30,20,0,0,NA,"BRE"
"94",2024-11-30,21,0,0,NA,"BRE"
"95",2024-11-30,22,0,0,NA,"BRE"
"96",2024-11-30,23,0,0,NA,"BRE"
"97",2024-12-01,0,0,0,NA,"BRE"
"98",2024-12-01,1,0,0,NA,"BRE"
"99",2024-12-01,2,0,0,NA,"BRE"
"100",2024-12-01,3,0,0,NA,"BRE"
"101",2024-12-01,4,0,0,NA,"BRE"
"102",2024-12-01,5,0,0,NA,"BRE"
"103",2024-12-01,6,0,0,NA,"BRE"
"104",2024-12-01,7,0,0,NA,"BRE"
"105",2024-12-01,8,0,0,NA,"BRE"
"106",2024-12-01,9,0,0,NA,"BRE"
"107",2024-12-01,10,0,0,NA,"BRE"
"108",2024-12-01,11,0,0,NA,"BRE"
"109",2024-12-01,12,0,0,NA,"BRE"
"110",2024-12-01,13,0,0,NA,"BRE"
"111",2024-12-01,14,0,0,NA,"BRE"
"112",2024-12-01,15,0,0,NA,"BRE"
"113",2024-12-01,16,0,0,NA,"BRE"
"114",2024-12-01,17,0,0,NA,"BRE"
"115",2024-12-01,18,0,0,NA,"BRE"
"116",2024-12-01,19,0,0,NA,"BRE"
"117",2024-12-01,20,0,0,NA,"BRE"
"118",2024-12-01,21,0,0,NA,"BRE"
"119",2024-12-01,22,0,0,NA,"BRE"
"120",2024-12-01,23,0,0,NA,"BRE"
"121",2024-12-02,0,0,0,NA,"BRE"
"122",2024-12-02,1,0,0,NA,"BRE"
"123",2024-12-02,2,0,0,NA,"BRE"
"124",2024-12-02,3,0,0,NA,"BRE"
"125",2024-12-02,4,0,0,NA,"BRE"
"126",2024-12-02,5,0,0,NA,"BRE"
"127",2024-12-02,6,0,0,NA,"BRE"
"128",2024-12-02,7,0,0,NA,"BRE"
"129",2024-12-02,8,0,0,NA,"BRE"
"130",2024-12-02,9,0,0,NA,"BRE"
"131",2024-12-02,10,0,0,NA,"BRE"
"132",2024-12-02,11,0,0,NA,"BRE"
"133",2024-12-02,12,0,0,NA,"BRE"
"134",2024-12-02,13,0,0,NA,"BRE"
"135",2024-12-02,14,0,0,NA,"BRE"
"136",2024-12-02,15,0,0,NA,"BRE"
"137",2024-12-02,16,0,0,NA,"BRE"
"138",2024-12-02,17,0,0,NA,"BRE"
"139",2024-12-02,18,0,0,NA,"BRE"
"140",2024-12-02,19,0,0,NA,"BRE"
"141",2024-12-02,20,0,0,NA,"BRE"
"142",2024-12-02,21,0,0,NA,"BRE"
"143",2024-12-02,22,0,0,NA,"BRE"
"144",2024-12-02,23,0,0,NA,"BRE"
"145",2024-12-03,0,0,0,NA,"BRE"
"146",2024-12-03,1,0,0,NA,"BRE"
"147",2024-12-03,2,0,0,NA,"BRE"
"148",2024-12-03,3,0,0,NA,"BRE"
"149",2024-12-03,4,0,0,NA,"BRE"
"150",2024-12-03,5,0,0,NA,"BRE"
"151",2024-12-03,6,0,0,NA,"BRE"
"152",2024-12-03,7,0,0,NA,"BRE"
"153",2024-12-03,8,0,0,NA,"BRE"
"154",2024-12-03,9,0,0,NA,"BRE"
"155",2024-12-03,10,0,1,NA,"BRE"
"156",2024-12-03,11,0,0,NA,"BRE"
"157",2024-12-03,12,0,0,NA,"BRE"
"158",2024-12-03,13,0,0,NA,"BRE"
"159",2024-12-03,14,0,0,NA,"BRE"
"160",2024-12-03,15,0,0,NA,"BRE"
"161",2024-12-03,16,0,1,NA,"BRE"
"162",2024-12-03,17,0,0,NA,"BRE"
"163",2024-12-03,18,0,0,NA,"BRE"
"164",2024-12-03,19,0,0,NA,"BRE"
"165",2024-12-03,20,0,0,NA,"BRE"
"166",2024-12-03,21,0,0,NA,"BRE"
"167",2024-12-03,22,0,0,NA,"BRE"
"168",2024-12-03,23,0,0,NA,"BRE"
"169",2024-12-04,0,0,0,NA,"BRE"
"170",2024-12-04,1,0,0,NA,"BRE"
"171",2024-12-04,2,0,0,NA,"BRE"
"172",2024-12-04,3,0,0,NA,"BRE"
"173",2024-12-04,4,0,0,NA,"BRE"
"174",2024-12-04,5,0,0,NA,"BRE"
"175",2024-12-04,6,0,0,NA,"BRE"
"176",2024-12-04,7,0,0,NA,"BRE"
"177",2024-12-04,8,0,0,NA,"BRE"
"178",2024-12-04,9,0,0,NA,"BRE"
"179",2024-12-04,10,0,0,NA,"BRE"
"180",2024-12-04,11,0,0,NA,"BRE"
"181",2024-12-04,12,0,0,NA,"BRE"
"182",2024-12-04,13,0,0,NA,"BRE"
"183",2024-12-04,14,0,0,NA,"BRE"
"184",2024-12-04,15,0,0,NA,"BRE"
"185",2024-12-04,16,0,0,NA,"BRE"
"186",2024-12-04,17,0,0,NA,"BRE"
"187",2024-12-04,18,0,0,NA,"BRE"
"188",2024-12-04,19,0,0,NA,"BRE"
"189",2024-12-04,20,0,0,NA,"BRE"
"190",2024-12-04,21,0,0,NA,"BRE"
"191",2024-12-04,22,0,0,NA,"BRE"
"192",2024-12-04,23,0,0,NA,"BRE"
"193",2024-12-05,0,0,0,NA,"BRE"
"194",2024-12-05,1,0,0,NA,"BRE"
"195",2024-12-05,2,0,0,NA,"BRE"
"196",2024-12-05,3,0,0,NA,"BRE"
"197",2024-12-05,4,0,0,NA,"BRE"
"198",2024-12-05,5,0,0,NA,"BRE"
"199",2024-12-05,6,0,0,NA,"BRE"
"200",2024-12-05,7,0,0,NA,"BRE"
"201",2024-12-05,8,0,0,NA,"BRE"
"202",2024-12-05,9,0,0,NA,"BRE"
"203",2024-12-05,10,0,0,NA,"BRE"
"204",2024-12-05,11,0,0,NA,"BRE"
"205",2024-12-05,12,0,0,NA,"BRE"
"206",2024-12-05,13,0,0,NA,"BRE"
"207",2024-12-05,14,0,0,NA,"BRE"
"208",2024-12-05,15,0,0,NA,"BRE"
"209",2024-12-05,16,0,0,NA,"BRE"
"210",2024-12-05,17,0,0,NA,"BRE"
"211",2024-12-05,18,0,0,NA,"BRE"
"212",2024-12-05,19,0,0,NA,"BRE"
"213",2024-12-05,20,0,0,NA,"BRE"
"214",2024-12-05,21,0,0,NA,"BRE"
"215",2024-12-05,22,0,0,NA,"BRE"
"216",2024-12-05,23,0,0,NA,"BRE"
"217",2024-12-06,0,0,0,NA,"BRE"
"218",2024-12-06,1,0,0,NA,"BRE"
"219",2024-12-06,2,0,0,NA,"BRE"
"220",2024-12-06,3,0,0,NA,"BRE"
"221",2024-12-06,4,0,0,NA,"BRE"
"222",2024-12-06,5,0,0,NA,"BRE"
"223",2024-12-06,6,0,0,NA,"BRE"
"224",2024-12-06,7,0,0,NA,"BRE"
"225",2024-12-06,8,0,0,NA,"BRE"
"226",2024-12-06,9,0,0,NA,"BRE"
"227",2024-12-06,10,0,0,NA,"BRE"
"228",2024-12-06,11,0,0,NA,"BRE"
"229",2024-12-06,12,0,0,NA,"BRE"
"230",2024-12-06,13,0,0,NA,"BRE"
"231",2024-12-06,14,0,0,NA,"BRE"
"232",2024-12-06,15,0,0,NA,"BRE"
"233",2024-12-06,16,0,0,NA,"BRE"
"234",2024-12-06,17,0,0,NA,"BRE"
"235",2024-12-06,18,0,0,NA,"BRE"
"236",2024-12-06,19,0,0,NA,"BRE"
"237",2024-12-06,20,0,0,NA,"BRE"
"238",2024-12-06,21,0,0,NA,"BRE"
"239",2024-12-06,22,0,0,NA,"BRE"
"240",2024-12-06,23,0,0,NA,"BRE"
"241",2024-12-07,0,0,0,NA,"BRE"
"242",2024-12-07,1,0,0,NA,"BRE"
"243",2024-12-07,2,0,0,NA,"BRE"
"244",2024-12-07,3,0,0,NA,"BRE"
"245",2024-12-07,4,0,0,NA,"BRE"
"246",2024-12-07,5,0,0,NA,"BRE"
"247",2024-12-07,6,0,0,NA,"BRE"
"248",2024-12-07,7,0,0,NA,"BRE"
"249",2024-12-07,8,0,0,NA,"BRE"
"250",2024-12-07,9,0,0,NA,"BRE"
"251",2024-12-07,10,0,0,NA,"BRE"
"252",2024-12-07,11,0,0,NA,"BRE"
"253",2024-12-07,12,0,0,NA,"BRE"
"254",2024-12-07,13,0,0,NA,"BRE"
"255",2024-12-07,14,0,0,NA,"BRE"
"256",2024-12-07,15,0,0,NA,"BRE"
"257",2024-12-07,16,0,0,NA,"BRE"
"258",2024-12-07,17,0,0,NA,"BRE"
"259",2024-12-07,18,0,0,NA,"BRE"
"260",2024-12-07,19,0,0,NA,"BRE"
"261",2024-12-07,20,0,0,NA,"BRE"
"262",2024-12-07,21,0,0,NA,"BRE"
"263",2024-12-07,22,0,0,NA,"BRE"
"264",2024-12-07,23,0,0,NA,"BRE"
"265",2024-12-08,0,0,0,NA,"BRE"
"266",2024-12-08,1,0,0,NA,"BRE"
"267",2024-12-08,2,0,0,NA,"BRE"
"268",2024-12-08,3,0,0,NA,"BRE"
"269",2024-12-08,4,0,0,NA,"BRE"
"270",2024-12-08,5,0,0,NA,"BRE"
"271",2024-12-08,6,0,0,NA,"BRE"
"272",2024-12-08,7,0,0,NA,"BRE"
"273",2024-12-08,8,0,0,NA,"BRE"
"274",2024-12-08,9,0,0,NA,"BRE"
"275",2024-12-08,10,0,0,NA,"BRE"
"276",2024-12-08,11,0,0,NA,"BRE"
"277",2024-12-08,12,0,0,NA,"BRE"
"278",2024-12-08,13,0,0,NA,"BRE"
"279",2024-12-08,14,0,0,NA,"BRE"
"280",2024-12-08,15,0,0,NA,"BRE"
"281",2024-12-08,16,0,0,NA,"BRE"
"282",2024-12-08,17,0,0,NA,"BRE"
"283",2024-12-08,18,0,0,NA,"BRE"
"284",2024-12-08,19,0,0,NA,"BRE"
"285",2024-12-08,20,0,0,NA,"BRE"
"286",2024-12-08,21,0,0,NA,"BRE"
"287",2024-12-08,22,0,0,NA,"BRE"
"288",2024-12-08,23,0,0,NA,"BRE"
"289",2024-12-09,0,0,0,NA,"BRE"
"290",2024-12-09,1,0,0,NA,"BRE"
"291",2024-12-09,2,0,0,NA,"BRE"
"292",2024-12-09,3,0,0,NA,"BRE"
"293",2024-12-09,4,0,0,NA,"BRE"
"294",2024-12-09,5,0,0,NA,"BRE"
"295",2024-12-09,6,0,0,NA,"BRE"
"296",2024-12-09,7,0,0,NA,"BRE"
"297",2024-12-09,8,0,0,NA,"BRE"
"298",2024-12-09,9,0,0,NA,"BRE"
"299",2024-12-09,10,0,0,NA,"BRE"
"300",2024-12-09,11,0,0,NA,"BRE"
"301",2024-12-09,12,0,0,NA,"BRE"
"302",2024-12-09,13,0,0,NA,"BRE"
"303",2024-12-09,14,0,0,NA,"BRE"
"304",2024-12-09,15,0,0,NA,"BRE"
"305",2024-12-09,16,0,0,NA,"BRE"
"306",2024-12-09,17,0,0,NA,"BRE"
"307",2024-12-09,18,0,0,NA,"BRE"
"308",2024-12-09,19,0,0,NA,"BRE"
"309",2024-12-09,20,0,0,NA,"BRE"
"310",2024-12-09,21,0,0,NA,"BRE"
"311",2024-12-09,22,0,0,NA,"BRE"
"312",2024-12-09,23,0,0,NA,"BRE"
"313",2024-12-10,0,0,0,NA,"BRE"
"314",2024-12-10,1,0,0,NA,"BRE"
"315",2024-12-10,2,0,0,NA,"BRE"
"316",2024-12-10,3,0,0,NA,"BRE"
"317",2024-12-10,4,0,0,NA,"BRE"
"318",2024-12-10,5,0,0,NA,"BRE"
"319",2024-12-10,6,0,0,NA,"BRE"
"320",2024-12-10,7,0,0,NA,"BRE"
"321",2024-12-10,8,0,0,NA,"BRE"
"322",2024-12-10,9,0,0,NA,"BRE"
"323",2024-12-10,10,0,0,NA,"BRE"
"324",2024-12-10,11,0,0,NA,"BRE"
"325",2024-12-10,12,0,0,NA,"BRE"
"326",2024-12-10,13,0,0,NA,"BRE"
"327",2024-12-10,14,0,0,NA,"BRE"
"328",2024-12-10,15,0,0,NA,"BRE"
"329",2024-12-10,16,0,0,NA,"BRE"
"330",2024-12-10,17,0,0,NA,"BRE"
"331",2024-12-10,18,0,0,NA,"BRE"
"332",2024-12-10,19,0,0,NA,"BRE"
"333",2024-12-10,20,0,0,NA,"BRE"
"334",2024-12-10,21,0,0,NA,"BRE"
"335",2024-12-10,22,0,0,NA,"BRE"
"336",2024-12-10,23,0,0,NA,"BRE"
"337",2024-12-11,0,0,0,NA,"BRE"
"338",2024-12-11,1,0,0,NA,"BRE"
"339",2024-12-11,2,0,0,NA,"BRE"
"340",2024-12-11,3,0,0,NA,"BRE"
"341",2024-12-11,4,0,0,NA,"BRE"
"342",2024-12-11,5,0,0,NA,"BRE"
"343",2024-12-11,6,0,0,NA,"BRE"
"344",2024-12-11,7,0,0,NA,"BRE"
"345",2024-12-11,8,0,0,NA,"BRE"
"346",2024-12-11,9,0,0,NA,"BRE"
"347",2024-12-11,10,0,0,NA,"BRE"
"348",2024-12-11,11,0,0,NA,"BRE"
"349",2024-12-11,12,0,0,NA,"BRE"
"350",2024-12-11,13,0,0,NA,"BRE"
"351",2024-12-11,14,0,0,NA,"BRE"
"352",2024-12-11,15,0,0,NA,"BRE"
"353",2024-12-11,16,0,0,NA,"BRE"
"354",2024-12-11,17,0,0,NA,"BRE"
"355",2024-12-11,18,0,0,NA,"BRE"
"356",2024-12-11,19,0,0,NA,"BRE"
"357",2024-12-11,20,0,0,NA,"BRE"
"358",2024-12-11,21,0,0,NA,"BRE"
"359",2024-12-11,22,0,0,NA,"BRE"
"360",2024-12-11,23,0,0,NA,"BRE"
"361",2024-12-12,0,0,0,NA,"BRE"
"362",2024-12-12,1,0,0,NA,"BRE"
"363",2024-12-12,2,0,0,NA,"BRE"
"364",2024-12-12,3,0,0,NA,"BRE"
"365",2024-12-12,4,0,0,NA,"BRE"
"366",2024-12-12,5,0,0,NA,"BRE"
"367",2024-12-12,6,0,0,NA,"BRE"
"368",2024-12-12,7,0,0,NA,"BRE"
"369",2024-12-12,8,0,0,NA,"BRE"
"370",2024-12-12,9,0,0,NA,"BRE"
"371",2024-12-12,10,0,0,NA,"BRE"
"372",2024-12-12,11,0,0,NA,"BRE"
"373",2024-12-12,12,0,0,NA,"BRE"
"374",2024-12-12,13,0,0,NA,"BRE"
"375",2024-12-12,14,0,0,NA,"BRE"
"376",2024-12-12,15,0,0,NA,"BRE"
"377",2024-12-12,16,0,0,NA,"BRE"
"378",2024-12-12,17,0,0,NA,"BRE"
"379",2024-12-12,18,0,0,NA,"BRE"
"380",2024-12-12,19,0,0,NA,"BRE"
"381",2024-12-12,20,0,0,NA,"BRE"
"382",2024-12-12,21,0,0,NA,"BRE"
"383",2024-12-12,22,0,0,NA,"BRE"
"384",2024-12-12,23,0,0,NA,"BRE"
"385",2024-12-13,0,0,0,NA,"BRE"
"386",2024-12-13,1,0,0,NA,"BRE"
"387",2024-12-13,2,0,0,NA,"BRE"
"388",2024-12-13,3,0,0,NA,"BRE"
"389",2024-12-13,4,0,0,NA,"BRE"
"390",2024-12-13,5,0,0,NA,"BRE"
"391",2024-12-13,6,0,0,NA,"BRE"
"392",2024-12-13,7,0,0,NA,"BRE"
"393",2024-12-13,8,0,0,NA,"BRE"
"394",2024-12-13,9,0,0,NA,"BRE"
"395",2024-12-13,10,0,0,NA,"BRE"
"396",2024-12-13,11,0,0,NA,"BRE"
"397",2024-12-13,12,0,0,NA,"BRE"
"398",2024-12-13,13,0,0,NA,"BRE"
"399",2024-12-13,14,0,0,NA,"BRE"
"400",2024-12-13,15,0,0,NA,"BRE"
"401",2024-12-13,16,0,0,NA,"BRE"
"402",2024-12-13,17,0,0,NA,"BRE"
"403",2024-12-13,18,0,0,NA,"BRE"
"404",2024-12-13,19,0,0,NA,"BRE"
"405",2024-12-13,20,0,0,NA,"BRE"
"406",2024-12-13,21,0,0,NA,"BRE"
"407",2024-12-13,22,0,0,NA,"BRE"
"408",2024-12-13,23,0,0,NA,"BRE"
"409",2024-12-14,0,0,0,NA,"BRE"
"410",2024-12-14,1,0,0,NA,"BRE"
"411",2024-12-14,2,0,0,NA,"BRE"
"412",2024-12-14,3,0,0,NA,"BRE"
"413",2024-12-14,4,0,0,NA,"BRE"
"414",2024-12-14,5,0,0,NA,"BRE"
"415",2024-12-14,6,0,0,NA,"BRE"
"416",2024-12-14,7,0,0,NA,"BRE"
"417",2024-12-14,8,0,0,NA,"BRE"
"418",2024-12-14,9,0,0,NA,"BRE"
"419",2024-12-14,10,0,1,NA,"BRE"
"420",2024-12-14,11,0,0,NA,"BRE"
"421",2024-12-14,12,0,0,NA,"BRE"
"422",2024-12-14,13,0,0,NA,"BRE"
"423",2024-12-14,14,0,0,NA,"BRE"
"424",2024-12-14,15,0,0,NA,"BRE"
"425",2024-12-14,16,0,0,NA,"BRE"
"426",2024-12-14,17,0,0,NA,"BRE"
"427",2024-12-14,18,0,0,NA,"BRE"
"428",2024-12-14,19,0,0,NA,"BRE"
"429",2024-12-14,20,0,0,NA,"BRE"
"430",2024-12-14,21,0,0,NA,"BRE"
"431",2024-12-14,22,0,0,NA,"BRE"
"432",2024-12-14,23,0,0,NA,"BRE"
"433",2024-12-15,0,0,0,NA,"BRE"
"434",2024-12-15,1,0,0,NA,"BRE"
"435",2024-12-15,2,0,0,NA,"BRE"
"436",2024-12-15,3,0,0,NA,"BRE"
"437",2024-12-15,4,0,0,NA,"BRE"
"438",2024-12-15,5,0,0,NA,"BRE"
"439",2024-12-15,6,0,0,NA,"BRE"
"440",2024-12-15,7,0,0,NA,"BRE"
"441",2024-12-15,8,0,0,NA,"BRE"
"442",2024-12-15,9,0,0,NA,"BRE"
"443",2024-12-15,10,0,0,NA,"BRE"
"444",2024-12-15,11,0,0,NA,"BRE"
"445",2024-12-15,12,0,0,NA,"BRE"
"446",2024-12-15,13,0,0,NA,"BRE"
"447",2024-12-15,14,0,0,NA,"BRE"
"448",2024-12-15,15,0,0,NA,"BRE"
"449",2024-12-15,16,0,0,NA,"BRE"
"450",2024-12-15,17,0,0,NA,"BRE"
"451",2024-12-15,18,0,0,NA,"BRE"
"452",2024-12-15,19,0,0,NA,"BRE"
"453",2024-12-15,20,0,0,NA,"BRE"
"454",2024-12-15,21,0,0,NA,"BRE"
"455",2024-12-15,22,0,0,NA,"BRE"
"456",2024-12-15,23,0,0,NA,"BRE"
"457",2024-12-16,0,0,0,NA,"BRE"
"458",2024-12-16,1,0,0,NA,"BRE"
"459",2024-12-16,2,0,0,NA,"BRE"
"460",2024-12-16,3,0,0,NA,"BRE"
"461",2024-12-16,4,0,0,NA,"BRE"
"462",2024-12-16,5,0,0,NA,"BRE"
"463",2024-12-16,6,0,0,NA,"BRE"
"464",2024-12-16,7,0,0,NA,"BRE"
"465",2024-12-16,8,0,0,NA,"BRE"
"466",2024-12-16,9,0,0,NA,"BRE"
"467",2024-12-16,10,0,0,NA,"BRE"
"468",2024-12-16,11,0,0,NA,"BRE"
"469",2024-12-16,12,0,0,NA,"BRE"
"470",2024-12-16,13,0,0,NA,"BRE"
"471",2024-12-16,14,0,0,NA,"BRE"
"472",2024-12-16,15,0,0,NA,"BRE"
"473",2024-12-16,16,0,0,NA,"BRE"
"474",2024-12-16,17,0,0,NA,"BRE"
"475",2024-12-16,18,0,0,NA,"BRE"
"476",2024-12-16,19,0,0,NA,"BRE"
"477",2024-12-16,20,0,0,NA,"BRE"
"478",2024-12-16,21,0,0,NA,"BRE"
"479",2024-12-16,22,0,0,NA,"BRE"
"480",2024-12-16,23,0,0,NA,"BRE"
"481",2024-12-17,0,0,0,NA,"BRE"
"482",2024-12-17,1,0,0,NA,"BRE"
"483",2024-12-17,2,0,0,NA,"BRE"
"484",2024-12-17,3,0,0,NA,"BRE"
"485",2024-12-17,4,0,0,NA,"BRE"
"486",2024-12-17,5,0,0,NA,"BRE"
"487",2024-12-17,6,0,0,NA,"BRE"
"488",2024-12-17,7,0,0,NA,"BRE"
"489",2024-12-17,8,0,0,NA,"BRE"
"490",2024-12-17,9,0,0,NA,"BRE"
"491",2024-12-17,10,0,0,NA,"BRE"
"492",2024-12-17,11,0,0,NA,"BRE"
"493",2024-12-17,12,0,0,NA,"BRE"
"494",2024-12-17,13,0,0,NA,"BRE"
"495",2024-12-17,14,0,0,NA,"BRE"
"496",2024-12-17,15,0,0,NA,"BRE"
"497",2024-12-17,16,0,0,NA,"BRE"
"498",2024-12-17,17,0,0,NA,"BRE"
"499",2024-12-17,18,0,0,NA,"BRE"
"500",2024-12-17,19,0,0,NA,"BRE"
"501",2024-12-17,20,0,0,NA,"BRE"
"502",2024-12-17,21,0,0,NA,"BRE"
"503",2024-12-17,22,0,0,NA,"BRE"
"504",2024-12-17,23,0,0,NA,"BRE"
"505",2024-12-18,0,0,0,NA,"BRE"
"506",2024-12-18,1,0,0,NA,"BRE"
"507",2024-12-18,2,0,0,NA,"BRE"
"508",2024-12-18,3,0,0,NA,"BRE"
"509",2024-12-18,4,0,0,NA,"BRE"
"510",2024-12-18,5,0,0,NA,"BRE"
"511",2024-12-18,6,0,0,NA,"BRE"
"512",2024-12-18,7,0,0,NA,"BRE"
"513",2024-12-18,8,0,0,NA,"BRE"
"514",2024-12-18,9,0,0,NA,"BRE"
"515",2024-12-18,10,0,0,NA,"BRE"
"516",2024-12-18,11,0,0,NA,"BRE"
"517",2024-12-18,12,0,0,NA,"BRE"
"518",2024-12-18,13,0,0,NA,"BRE"
"519",2024-12-18,14,0,0,NA,"BRE"
"520",2024-12-18,15,0,0,NA,"BRE"
"521",2024-12-18,16,0,0,NA,"BRE"
"522",2024-12-18,17,0,0,NA,"BRE"
"523",2024-12-18,18,0,0,NA,"BRE"
"524",2024-12-18,19,0,0,NA,"BRE"
"525",2024-12-18,20,0,0,NA,"BRE"
"526",2024-12-18,21,0,0,NA,"BRE"
"527",2024-12-18,22,0,0,NA,"BRE"
"528",2024-12-18,23,0,0,NA,"BRE"
"529",2024-12-19,0,0,0,NA,"BRE"
"530",2024-12-19,1,0,0,NA,"BRE"
"531",2024-12-19,2,0,0,NA,"BRE"
"532",2024-12-19,3,0,0,NA,"BRE"
"533",2024-12-19,4,0,0,NA,"BRE"
"534",2024-12-19,5,0,0,NA,"BRE"
"535",2024-12-19,6,0,0,NA,"BRE"
"536",2024-12-19,7,0,0,NA,"BRE"
"537",2024-12-19,8,0,0,NA,"BRE"
"538",2024-12-19,9,0,0,NA,"BRE"
"539",2024-12-19,10,0,0,NA,"BRE"
"540",2024-12-19,11,0,0,NA,"BRE"
"541",2024-12-19,12,0,0,NA,"BRE"
"542",2024-12-19,13,0,0,NA,"BRE"
"543",2024-12-19,14,0,0,NA,"BRE"
"544",2024-12-19,15,0,0,NA,"BRE"
"545",2024-12-19,16,0,0,NA,"BRE"
"546",2024-12-19,17,0,0,NA,"BRE"
"547",2024-12-19,18,0,0,NA,"BRE"
"548",2024-12-19,19,0,0,NA,"BRE"
"549",2024-12-19,20,0,0,NA,"BRE"
"550",2024-12-19,21,0,0,NA,"BRE"
"551",2024-12-19,22,0,0,NA,"BRE"
"552",2024-12-19,23,0,0,NA,"BRE"
"553",2024-12-20,0,0,0,NA,"BRE"
"554",2024-12-20,1,0,0,NA,"BRE"
"555",2024-12-20,2,0,0,NA,"BRE"
"556",2024-12-20,3,0,0,NA,"BRE"
"557",2024-12-20,4,0,0,NA,"BRE"
"558",2024-12-20,5,0,0,NA,"BRE"
"559",2024-12-20,6,0,0,NA,"BRE"
"560",2024-12-20,7,0,0,NA,"BRE"
"561",2024-12-20,8,0,0,NA,"BRE"
"562",2024-12-20,9,0,0,NA,"BRE"
"563",2024-12-20,10,0,0,NA,"BRE"
"564",2024-12-20,11,0,0,NA,"BRE"
"565",2024-12-20,12,0,0,NA,"BRE"
"566",2024-12-20,13,0,0,NA,"BRE"
"567",2024-12-20,14,0,0,NA,"BRE"
"568",2024-12-20,15,0,0,NA,"BRE"
"569",2024-12-20,16,0,0,NA,"BRE"
"570",2024-12-20,17,0,0,NA,"BRE"
"571",2024-12-20,18,0,0,NA,"BRE"
"572",2024-12-20,19,0,0,NA,"BRE"
"573",2024-12-20,20,0,0,NA,"BRE"
"574",2024-12-20,21,0,0,NA,"BRE"
"575",2024-12-20,22,0,0,NA,"BRE"
"576",2024-12-20,23,0,0,NA,"BRE"
"577",2024-12-21,0,0,0,NA,"BRE"
"578",2024-12-21,1,0,0,NA,"BRE"
"579",2024-12-21,2,0,0,NA,"BRE"
"580",2024-12-21,3,0,0,NA,"BRE"
"581",2024-12-21,4,0,0,NA,"BRE"
"582",2024-12-21,5,0,0,NA,"BRE"
"583",2024-12-21,6,0,0,NA,"BRE"
"584",2024-12-21,7,0,0,NA,"BRE"
"585",2024-12-21,8,0,0,NA,"BRE"
"586",2024-12-21,9,0,0,NA,"BRE"
"587",2024-12-21,10,0,0,NA,"BRE"
"588",2024-12-21,11,0,0,NA,"BRE"
"589",2024-12-21,12,0,0,NA,"BRE"
"590",2024-12-21,13,0,0,NA,"BRE"
"591",2024-12-21,14,0,0,NA,"BRE"
"592",2024-12-21,15,0,0,NA,"BRE"
"593",2024-12-21,16,0,0,NA,"BRE"
"594",2024-12-21,17,0,0,NA,"BRE"
"595",2024-12-21,18,0,0,NA,"BRE"
"596",2024-12-21,19,0,0,NA,"BRE"
"597",2024-12-21,20,0,0,NA,"BRE"
"598",2024-12-21,21,0,0,NA,"BRE"
"599",2024-12-21,22,0,0,NA,"BRE"
"600",2024-12-21,23,0,0,NA,"BRE"
"601",2024-12-22,0,0,0,NA,"BRE"
"602",2024-12-22,1,0,0,NA,"BRE"
"603",2024-12-22,2,0,0,NA,"BRE"
"604",2024-12-22,3,0,0,NA,"BRE"
"605",2024-12-22,4,0,0,NA,"BRE"
"606",2024-12-22,5,0,0,NA,"BRE"
"607",2024-12-22,6,0,0,NA,"BRE"
"608",2024-12-22,7,0,0,NA,"BRE"
"609",2024-12-22,8,0,0,NA,"BRE"
"610",2024-12-22,9,0,0,NA,"BRE"
"611",2024-12-22,10,0,0,NA,"BRE"
"612",2024-12-22,11,0,0,NA,"BRE"
"613",2024-12-22,12,0,0,NA,"BRE"
"614",2024-12-22,13,0,0,NA,"BRE"
"615",2024-12-22,14,0,0,NA,"BRE"
"616",2024-12-22,15,0,0,NA,"BRE"
"617",2024-12-22,16,0,0,NA,"BRE"
"618",2024-12-22,17,0,0,NA,"BRE"
"619",2024-12-22,18,0,0,NA,"BRE"
"620",2024-12-22,19,0,0,NA,"BRE"
"621",2024-12-22,20,0,0,NA,"BRE"
"622",2024-12-22,21,0,0,NA,"BRE"
"623",2024-12-22,22,0,0,NA,"BRE"
"624",2024-12-22,23,0,0,NA,"BRE"
"625",2024-12-23,0,0,0,NA,"BRE"
"626",2024-12-23,1,0,0,NA,"BRE"
"627",2024-12-23,2,0,0,NA,"BRE"
"628",2024-12-23,3,0,0,NA,"BRE"
"629",2024-12-23,4,0,0,NA,"BRE"
"630",2024-12-23,5,0,0,NA,"BRE"
"631",2024-12-23,6,0,0,NA,"BRE"
"632",2024-12-23,7,0,0,NA,"BRE"
"633",2024-12-23,8,0,0,NA,"BRE"
"634",2024-12-23,9,0,0,NA,"BRE"
"635",2024-12-23,10,0,0,NA,"BRE"
"636",2024-12-23,11,0,0,NA,"BRE"
"637",2024-12-23,12,0,0,NA,"BRE"
"638",2024-12-23,13,0,0,NA,"BRE"
"639",2024-12-23,14,0,0,NA,"BRE"
"640",2024-12-23,15,0,0,NA,"BRE"
"641",2024-12-23,16,0,0,NA,"BRE"
"642",2024-12-23,17,0,0,NA,"BRE"
"643",2024-12-23,18,0,0,NA,"BRE"
"644",2024-12-23,19,0,0,NA,"BRE"
"645",2024-12-23,20,0,0,NA,"BRE"
"646",2024-12-23,21,0,0,NA,"BRE"
"647",2024-12-23,22,0,0,NA,"BRE"
"648",2024-12-23,23,0,0,NA,"BRE"
"649",2024-12-24,0,0,0,NA,"BRE"
"650",2024-12-24,1,0,0,NA,"BRE"
"651",2024-12-24,2,0,0,NA,"BRE"
"652",2024-12-24,3,0,0,NA,"BRE"
"653",2024-12-24,4,0,0,NA,"BRE"
"654",2024-12-24,5,0,0,NA,"BRE"
"655",2024-12-24,6,0,0,NA,"BRE"
"656",2024-12-24,7,0,0,NA,"BRE"
"657",2024-12-24,8,0,0,NA,"BRE"
"658",2024-12-24,9,0,0,NA,"BRE"
"659",2024-12-24,10,0,0,NA,"BRE"
"660",2024-12-24,11,0,0,NA,"BRE"
"661",2024-12-24,12,0,0,NA,"BRE"
"662",2024-12-24,13,0,0,NA,"BRE"
"663",2024-12-24,14,0,0,NA,"BRE"
"664",2024-12-24,15,0,0,NA,"BRE"
"665",2024-12-24,16,0,0,NA,"BRE"
"666",2024-12-24,17,0,0,NA,"BRE"
"667",2024-12-24,18,0,0,NA,"BRE"
"668",2024-12-24,19,0,0,NA,"BRE"
"669",2024-12-24,20,0,0,NA,"BRE"
"670",2024-12-24,21,0,0,NA,"BRE"
"671",2024-12-24,22,0,0,NA,"BRE"
"672",2024-12-24,23,0,0,NA,"BRE"
"673",2024-12-25,0,0,0,NA,"BRE"
"674",2024-12-25,1,0,0,NA,"BRE"
"675",2024-12-25,2,0,0,NA,"BRE"
"676",2024-12-25,3,0,0,NA,"BRE"
"677",2024-12-25,4,0,0,NA,"BRE"
"678",2024-12-25,5,0,0,NA,"BRE"
"679",2024-12-25,6,0,0,NA,"BRE"
"680",2024-12-25,7,0,0,NA,"BRE"
"681",2024-12-25,8,0,0,NA,"BRE"
"682",2024-12-25,9,0,0,NA,"BRE"
"683",2024-12-25,10,0,0,NA,"BRE"
"684",2024-12-25,11,0,0,NA,"BRE"
"685",2024-12-25,12,0,0,NA,"BRE"
"686",2024-12-25,13,0,0,NA,"BRE"
"687",2024-12-25,14,0,0,NA,"BRE"
"688",2024-12-25,15,0,0,NA,"BRE"
"689",2024-12-25,16,0,0,NA,"BRE"
"690",2024-12-25,17,0,0,NA,"BRE"
"691",2024-12-25,18,0,0,NA,"BRE"
"692",2024-12-25,19,0,0,NA,"BRE"
"693",2024-12-25,20,0,0,NA,"BRE"
"694",2024-12-25,21,0,0,NA,"BRE"
"695",2024-12-25,22,0,0,NA,"BRE"
"696",2024-12-25,23,0,0,NA,"BRE"
"697",2024-12-26,0,0,0,NA,"BRE"
"698",2024-12-26,1,0,0,NA,"BRE"
"699",2024-12-26,2,0,0,NA,"BRE"
"700",2024-12-26,3,0,0,NA,"BRE"
"701",2024-12-26,4,0,0,NA,"BRE"
"702",2024-12-26,5,0,0,NA,"BRE"
"703",2024-12-26,6,0,0,NA,"BRE"
"704",2024-12-26,7,0,0,NA,"BRE"
"705",2024-12-26,8,0,0,NA,"BRE"
"706",2024-12-26,9,0,0,NA,"BRE"
"707",2024-12-26,10,0,0,NA,"BRE"
"708",2024-12-26,11,0,0,NA,"BRE"
"709",2024-12-26,12,0,0,NA,"BRE"
"710",2024-12-26,13,0,0,NA,"BRE"
"711",2024-12-26,14,0,0,NA,"BRE"
"712",2024-12-26,15,0,0,NA,"BRE"
"713",2024-12-26,16,0,0,NA,"BRE"
"714",2024-12-26,17,0,0,NA,"BRE"
"715",2024-12-26,18,0,0,NA,"BRE"
"716",2024-12-26,19,0,0,NA,"BRE"
"717",2024-12-26,20,0,0,NA,"BRE"
"718",2024-12-26,21,0,0,NA,"BRE"
"719",2024-12-26,22,0,0,NA,"BRE"
"720",2024-12-26,23,0,0,NA,"BRE"
"721",2024-12-27,0,0,0,NA,"BRE"
"722",2024-12-27,1,0,0,NA,"BRE"
"723",2024-12-27,2,0,0,NA,"BRE"
"724",2024-12-27,3,0,0,NA,"BRE"
"725",2024-12-27,4,0,0,NA,"BRE"
"726",2024-12-27,5,0,0,NA,"BRE"
"727",2024-12-27,6,0,0,NA,"BRE"
"728",2024-12-27,7,0,0,NA,"BRE"
"729",2024-12-27,8,0,0,NA,"BRE"
"730",2024-12-27,9,0,0,NA,"BRE"
"731",2024-12-27,10,0,0,NA,"BRE"
"732",2024-12-27,11,0,0,NA,"BRE"
"733",2024-12-27,12,0,0,NA,"BRE"
"734",2024-12-27,13,0,0,NA,"BRE"
"735",2024-12-27,14,0,0,NA,"BRE"
"736",2024-12-27,15,0,0,NA,"BRE"
"737",2024-12-27,16,0,0,NA,"BRE"
"738",2024-12-27,17,0,0,NA,"BRE"
"739",2024-12-27,18,0,0,NA,"BRE"
"740",2024-12-27,19,0,0,NA,"BRE"
"741",2024-12-27,20,0,0,NA,"BRE"
"742",2024-12-27,21,0,0,NA,"BRE"
"743",2024-12-27,22,0,0,NA,"BRE"
"744",2024-12-27,23,0,0,NA,"BRE"
"745",2024-12-28,0,0,0,NA,"BRE"
"746",2024-12-28,1,0,0,NA,"BRE"
"747",2024-12-28,2,0,0,NA,"BRE"
"748",2024-12-28,3,0,0,NA,"BRE"
"749",2024-12-28,4,0,0,NA,"BRE"
"750",2024-12-28,5,0,0,NA,"BRE"
"751",2024-12-28,6,0,0,NA,"BRE"
"752",2024-12-28,7,0,0,NA,"BRE"
"753",2024-12-28,8,0,0,NA,"BRE"
"754",2024-12-28,9,0,0,NA,"BRE"
"755",2024-12-28,10,0,0,NA,"BRE"
"756",2024-12-28,11,0,0,NA,"BRE"
"757",2024-12-28,12,0,0,NA,"BRE"
"758",2024-12-28,13,0,0,NA,"BRE"
"759",2024-12-28,14,0,0,NA,"BRE"
"760",2024-12-28,15,0,0,NA,"BRE"
"761",2024-12-28,16,0,0,NA,"BRE"
"762",2024-12-28,17,0,0,NA,"BRE"
"763",2024-12-28,18,0,0,NA,"BRE"
"764",2024-12-28,19,0,0,NA,"BRE"
"765",2024-12-28,20,1,0,NA,"BRE"
"766",2024-12-28,21,0,0,NA,"BRE"
"767",2024-12-28,22,0,0,NA,"BRE"
"768",2024-12-28,23,0,0,NA,"BRE"
"769",2024-12-29,0,0,0,NA,"BRE"
"770",2024-12-29,1,0,0,NA,"BRE"
"771",2024-12-29,2,0,0,NA,"BRE"
"772",2024-12-29,3,0,0,NA,"BRE"
"773",2024-12-29,4,0,0,NA,"BRE"
"774",2024-12-29,5,0,0,NA,"BRE"
"775",2024-12-29,6,0,0,NA,"BRE"
"776",2024-12-29,7,0,0,NA,"BRE"
"777",2024-12-29,8,0,0,NA,"BRE"
"778",2024-12-29,9,0,0,NA,"BRE"
"779",2024-12-29,10,0,0,NA,"BRE"
"780",2024-12-29,11,0,0,NA,"BRE"
"781",2024-12-29,12,0,0,NA,"BRE"
"782",2024-12-29,13,0,0,NA,"BRE"
"783",2024-12-29,14,0,0,NA,"BRE"
"784",2024-12-29,15,0,0,NA,"BRE"
"785",2024-12-29,16,0,0,NA,"BRE"
"786",2024-12-29,17,0,0,NA,"BRE"
"787",2024-12-29,18,0,0,NA,"BRE"
"788",2024-12-29,19,0,0,NA,"BRE"
"789",2024-12-29,20,0,0,NA,"BRE"
"790",2024-12-29,21,0,0,NA,"BRE"
"791",2024-12-29,22,0,0,NA,"BRE"
"792",2024-12-29,23,0,0,NA,"BRE"
"793",2024-12-30,0,0,0,NA,"BRE"
"794",2024-12-30,1,0,0,NA,"BRE"
"795",2024-12-30,2,0,0,NA,"BRE"
"796",2024-12-30,3,0,0,NA,"BRE"
"797",2024-12-30,4,0,0,NA,"BRE"
"798",2024-12-30,5,0,0,NA,"BRE"
"799",2024-12-30,6,0,0,NA,"BRE"
"800",2024-12-30,7,0,0,NA,"BRE"
"801",2024-12-30,8,0,0,NA,"BRE"
"802",2024-12-30,9,0,0,NA,"BRE"
"803",2024-12-30,10,0,0,NA,"BRE"
"804",2024-12-30,11,0,0,NA,"BRE"
"805",2024-12-30,12,0,0,NA,"BRE"
"806",2024-12-30,13,0,0,NA,"BRE"
"807",2024-12-30,14,0,0,NA,"BRE"
"808",2024-12-30,15,0,0,NA,"BRE"
"809",2024-12-30,16,0,0,NA,"BRE"
"810",2024-12-30,17,0,0,NA,"BRE"
"811",2024-12-30,18,0,0,NA,"BRE"
"812",2024-12-30,19,0,0,NA,"BRE"
"813",2024-12-30,20,0,0,NA,"BRE"
"814",2024-12-30,21,0,0,NA,"BRE"
"815",2024-12-30,22,0,0,NA,"BRE"
"816",2024-12-30,23,0,0,NA,"BRE"
"817",2024-12-31,0,0,0,NA,"BRE"
"818",2024-12-31,1,0,0,NA,"BRE"
"819",2024-12-31,2,0,0,NA,"BRE"
"820",2024-12-31,3,0,0,NA,"BRE"
"821",2024-12-31,4,0,0,NA,"BRE"
"822",2024-12-31,5,0,0,NA,"BRE"
"823",2024-12-31,6,0,0,NA,"BRE"
"824",2024-12-31,7,0,0,NA,"BRE"
"825",2024-12-31,8,0,0,NA,"BRE"
"826",2024-12-31,9,0,0,NA,"BRE"
"827",2024-12-31,10,0,0,NA,"BRE"
"828",2024-12-31,11,0,0,NA,"BRE"
"829",2024-12-31,12,0,0,NA,"BRE"
"830",2024-12-31,13,0,0,NA,"BRE"
"831",2024-12-31,14,0,0,NA,"BRE"
"832",2024-12-31,15,0,0,NA,"BRE"
"833",2024-12-31,16,0,0,NA,"BRE"
"834",2024-12-31,17,0,0,NA,"BRE"
"835",2024-12-31,18,0,0,NA,"BRE"
"836",2024-12-31,19,0,0,NA,"BRE"
"837",2024-12-31,20,0,0,NA,"BRE"
"838",2024-12-31,21,0,0,NA,"BRE"
"839",2024-12-31,22,0,0,NA,"BRE"
"840",2024-12-31,23,0,0,NA,"BRE"
"841",2025-01-01,0,0,0,NA,"BRE"
"842",2025-01-01,1,0,0,NA,"BRE"
"843",2025-01-01,2,0,0,NA,"BRE"
"844",2025-01-01,3,0,0,NA,"BRE"
"845",2025-01-01,4,0,0,NA,"BRE"
"846",2025-01-01,5,0,0,NA,"BRE"
"847",2025-01-01,6,0,0,NA,"BRE"
"848",2025-01-01,7,0,0,NA,"BRE"
"849",2025-01-01,8,0,0,NA,"BRE"
"850",2025-01-01,9,0,0,NA,"BRE"
"851",2025-01-01,10,0,0,NA,"BRE"
"852",2025-01-01,11,0,0,NA,"BRE"
"853",2025-01-01,12,0,0,NA,"BRE"
"854",2025-01-01,13,0,0,NA,"BRE"
"855",2025-01-01,14,0,0,NA,"BRE"
"856",2025-01-01,15,0,0,NA,"BRE"
"857",2025-01-01,16,0,0,NA,"BRE"
"858",2025-01-01,17,0,0,NA,"BRE"
"859",2025-01-01,18,0,0,NA,"BRE"
"860",2025-01-01,19,0,0,NA,"BRE"
"861",2025-01-01,20,0,0,NA,"BRE"
"862",2025-01-01,21,0,0,NA,"BRE"
"863",2025-01-01,22,0,0,NA,"BRE"
"864",2025-01-01,23,0,0,NA,"BRE"
"865",2025-01-02,0,0,0,NA,"BRE"
"866",2025-01-02,1,0,0,NA,"BRE"
"867",2025-01-02,2,0,0,NA,"BRE"
"868",2025-01-02,3,0,0,NA,"BRE"
"869",2025-01-02,4,0,0,NA,"BRE"
"870",2025-01-02,5,0,0,NA,"BRE"
"871",2025-01-02,6,0,0,NA,"BRE"
"872",2025-01-02,7,0,0,NA,"BRE"
"873",2025-01-02,8,0,0,NA,"BRE"
"874",2025-01-02,9,0,0,NA,"BRE"
"875",2025-01-02,10,0,0,NA,"BRE"
"876",2025-01-02,11,0,0,NA,"BRE"
"877",2025-01-02,12,0,0,NA,"BRE"
"878",2025-01-02,13,0,0,NA,"BRE"
"879",2025-01-02,14,0,0,NA,"BRE"
"880",2025-01-02,15,0,0,NA,"BRE"
"881",2025-01-02,16,0,0,NA,"BRE"
"882",2025-01-02,17,0,0,NA,"BRE"
"883",2025-01-02,18,0,0,NA,"BRE"
"884",2025-01-02,19,0,0,NA,"BRE"
"885",2025-01-02,20,0,0,NA,"BRE"
"886",2025-01-02,21,0,0,NA,"BRE"
"887",2025-01-02,22,0,0,NA,"BRE"
"888",2025-01-02,23,0,0,NA,"BRE"
"889",2025-01-03,0,0,0,NA,"BRE"
"890",2025-01-03,1,0,0,NA,"BRE"
"891",2025-01-03,2,0,0,NA,"BRE"
"892",2025-01-03,3,0,0,NA,"BRE"
"893",2025-01-03,4,0,0,NA,"BRE"
"894",2025-01-03,5,0,0,NA,"BRE"
"895",2025-01-03,6,0,0,NA,"BRE"
"896",2025-01-03,7,0,0,NA,"BRE"
"897",2025-01-03,8,0,0,NA,"BRE"
"898",2025-01-03,9,0,0,NA,"BRE"
"899",2025-01-03,10,0,0,NA,"BRE"
"900",2025-01-03,11,0,0,NA,"BRE"
"901",2025-01-03,12,0,0,NA,"BRE"
"902",2025-01-03,13,0,0,NA,"BRE"
"903",2025-01-03,14,0,0,NA,"BRE"
"904",2025-01-03,15,0,0,NA,"BRE"
"905",2025-01-03,16,0,0,NA,"BRE"
"906",2025-01-03,17,0,0,NA,"BRE"
"907",2025-01-03,18,0,0,NA,"BRE"
"908",2025-01-03,19,0,0,NA,"BRE"
"909",2025-01-03,20,0,0,NA,"BRE"
"910",2025-01-03,21,1,0,NA,"BRE"
"911",2025-01-03,22,0,0,NA,"BRE"
"912",2025-01-03,23,0,0,NA,"BRE"
"913",2025-01-04,0,0,0,NA,"BRE"
"914",2025-01-04,1,1,0,NA,"BRE"
"915",2025-01-04,2,0,0,NA,"BRE"
"916",2025-01-04,3,0,0,NA,"BRE"
"917",2025-01-04,4,0,0,NA,"BRE"
"918",2025-01-04,5,0,0,NA,"BRE"
"919",2025-01-04,6,0,0,NA,"BRE"
"920",2025-01-04,7,0,0,NA,"BRE"
"921",2025-01-04,8,0,0,NA,"BRE"
"922",2025-01-04,9,0,0,NA,"BRE"
"923",2025-01-04,10,0,0,NA,"BRE"
"924",2025-01-04,11,1,0,NA,"BRE"
"925",2025-01-04,12,0,0,NA,"BRE"
"926",2025-01-04,13,0,0,NA,"BRE"
"927",2025-01-04,14,0,0,NA,"BRE"
"928",2025-01-04,15,0,0,NA,"BRE"
"929",2025-01-04,16,0,0,NA,"BRE"
"930",2025-01-04,17,0,0,NA,"BRE"
"931",2025-01-04,18,0,0,NA,"BRE"
"932",2025-01-04,19,0,0,NA,"BRE"
"933",2025-01-04,20,0,0,NA,"BRE"
"934",2025-01-04,21,0,0,NA,"BRE"
"935",2025-01-04,22,0,0,NA,"BRE"
"936",2025-01-04,23,0,0,NA,"BRE"
"937",2025-01-05,0,0,0,NA,"BRE"
"938",2025-01-05,1,0,0,NA,"BRE"
"939",2025-01-05,2,0,0,NA,"BRE"
"940",2025-01-05,3,0,0,NA,"BRE"
"941",2025-01-05,4,0,0,NA,"BRE"
"942",2025-01-05,5,0,0,NA,"BRE"
"943",2025-01-05,6,0,0,NA,"BRE"
"944",2025-01-05,7,0,0,NA,"BRE"
"945",2025-01-05,8,0,0,NA,"BRE"
"946",2025-01-05,9,0,0,NA,"BRE"
"947",2025-01-05,10,0,0,NA,"BRE"
"948",2025-01-05,11,0,0,NA,"BRE"
"949",2025-01-05,12,0,0,NA,"BRE"
"950",2025-01-05,13,0,0,NA,"BRE"
"951",2025-01-05,14,0,0,NA,"BRE"
"952",2025-01-05,15,0,0,NA,"BRE"
"953",2025-01-05,16,0,0,NA,"BRE"
"954",2025-01-05,17,0,0,NA,"BRE"
"955",2025-01-05,18,0,0,NA,"BRE"
"956",2025-01-05,19,0,0,NA,"BRE"
"957",2025-01-05,20,0,0,NA,"BRE"
"958",2025-01-05,21,0,0,NA,"BRE"
"959",2025-01-05,22,0,0,NA,"BRE"
"960",2025-01-05,23,0,0,NA,"BRE"
"961",2025-01-06,0,0,0,NA,"BRE"
"962",2025-01-06,1,0,0,NA,"BRE"
"963",2025-01-06,2,0,0,NA,"BRE"
"964",2025-01-06,3,0,0,NA,"BRE"
"965",2025-01-06,4,0,0,NA,"BRE"
"966",2025-01-06,5,0,0,NA,"BRE"
"967",2025-01-06,6,0,0,NA,"BRE"
"968",2025-01-06,7,0,0,NA,"BRE"
"969",2025-01-06,8,0,0,NA,"BRE"
"970",2025-01-06,9,0,0,NA,"BRE"
"971",2025-01-06,10,0,0,NA,"BRE"
"972",2025-01-06,11,0,0,NA,"BRE"
"973",2025-01-06,12,0,0,NA,"BRE"
"974",2025-01-06,13,0,0,NA,"BRE"
"975",2025-01-06,14,0,0,NA,"BRE"
"976",2025-01-06,15,0,0,NA,"BRE"
"977",2025-01-06,16,0,0,NA,"BRE"
"978",2025-01-06,17,0,0,NA,"BRE"
"979",2025-01-06,18,0,0,NA,"BRE"
"980",2025-01-06,19,0,0,NA,"BRE"
"981",2025-01-06,20,0,0,NA,"BRE"
"982",2025-01-06,21,0,0,NA,"BRE"
"983",2025-01-06,22,0,0,NA,"BRE"
"984",2025-01-06,23,0,0,NA,"BRE"
"985",2025-01-07,0,0,0,NA,"BRE"
"986",2025-01-07,1,0,0,NA,"BRE"
"987",2025-01-07,2,0,0,NA,"BRE"
"988",2025-01-07,3,0,0,NA,"BRE"
"989",2025-01-07,4,0,0,NA,"BRE"
"990",2025-01-07,5,0,0,NA,"BRE"
"991",2025-01-07,6,0,0,NA,"BRE"
"992",2025-01-07,7,0,0,NA,"BRE"
"993",2025-01-07,8,0,0,NA,"BRE"
"994",2025-01-07,9,0,0,NA,"BRE"
"995",2025-01-07,10,0,0,NA,"BRE"
"996",2025-01-07,11,0,0,NA,"BRE"
"997",2025-01-07,12,0,0,NA,"BRE"
"998",2025-01-07,13,0,0,NA,"BRE"
"999",2025-01-07,14,0,0,NA,"BRE"
"1000",2025-01-07,15,0,0,NA,"BRE"
"1001",2025-01-07,16,0,0,NA,"BRE"
"1002",2025-01-07,17,0,0,NA,"BRE"
"1003",2025-01-07,18,0,0,NA,"BRE"
"1004",2025-01-07,19,0,0,NA,"BRE"
"1005",2025-01-07,20,0,0,NA,"BRE"
"1006",2025-01-07,21,0,0,NA,"BRE"
"1007",2025-01-07,22,0,0,NA,"BRE"
"1008",2025-01-07,23,0,0,NA,"BRE"
"1009",2025-01-08,0,0,0,NA,"BRE"
"1010",2025-01-08,1,0,0,NA,"BRE"
"1011",2025-01-08,2,0,0,NA,"BRE"
"1012",2025-01-08,3,0,0,NA,"BRE"
"1013",2025-01-08,4,0,0,NA,"BRE"
"1014",2025-01-08,5,0,0,NA,"BRE"
"1015",2025-01-08,6,0,0,NA,"BRE"
"1016",2025-01-08,7,0,0,NA,"BRE"
"1017",2025-01-08,8,0,0,NA,"BRE"
"1018",2025-01-08,9,0,0,NA,"BRE"
"1019",2025-01-08,10,0,0,NA,"BRE"
"1020",2025-01-08,11,0,0,NA,"BRE"
"1021",2025-01-08,12,0,0,NA,"BRE"
"1022",2025-01-08,13,0,0,NA,"BRE"
"1023",2025-01-08,14,0,0,NA,"BRE"
"1024",2025-01-08,15,0,0,NA,"BRE"
"1025",2025-01-08,16,0,0,NA,"BRE"
"1026",2025-01-08,17,0,0,NA,"BRE"
"1027",2025-01-08,18,0,0,NA,"BRE"
"1028",2025-01-08,19,0,0,NA,"BRE"
"1029",2025-01-08,20,0,0,NA,"BRE"
"1030",2025-01-08,21,1,0,"","BRE"
"1031",2025-01-08,22,0,0,NA,"BRE"
"1032",2025-01-08,23,1,0,"CPA","BRE"
"1033",2025-01-09,0,3,0,"; LTSA; LTSA","BRE"
"1034",2025-01-09,1,1,0,"LTSA","BRE"
"1035",2025-01-09,2,1,0,"LTSA","BRE"
"1036",2025-01-09,3,2,0,"LTSA; ","BRE"
"1037",2025-01-09,4,1,0,NA,"BRE"
"1038",2025-01-09,5,0,0,NA,"BRE"
"1039",2025-01-09,6,0,0,NA,"BRE"
"1040",2025-01-09,7,0,0,NA,"BRE"
"1041",2025-01-09,8,0,0,NA,"BRE"
"1042",2025-01-09,9,0,0,NA,"BRE"
"1043",2025-01-09,10,0,0,NA,"BRE"
"1044",2025-01-09,11,0,0,NA,"BRE"
"1045",2025-01-09,12,0,0,NA,"BRE"
"1046",2025-01-09,13,0,0,NA,"BRE"
"1047",2025-01-09,14,0,0,NA,"BRE"
"1048",2025-01-09,15,0,0,NA,"BRE"
"1049",2025-01-09,16,0,0,NA,"BRE"
"1050",2025-01-09,17,0,0,NA,"BRE"
"1051",2025-01-09,18,0,0,NA,"BRE"
"1052",2025-01-09,19,0,0,NA,"BRE"
"1053",2025-01-09,20,0,0,NA,"BRE"
"1054",2025-01-09,21,0,0,NA,"BRE"
"1055",2025-01-09,22,0,0,NA,"BRE"
"1056",2025-01-09,23,0,0,NA,"BRE"
